title,summary,status,location_name,country,scale,solution_types,challenges_addressed,health_linkages_primary,impacts,governance,url_source,environmental_context,_source_file
American Forests’ Tree Equity Pledge,"Phoenix faces substantial challenges related to extreme heat, air quality, and social inequity. The Phoenix Tree Equity Pledge, launched in 2021, is a comprehensive city-wide initiative focused on addressing urban tree inequity and reducing the effects of extreme heat, especially in communities most vulnerable to these conditions. Partnering with American Forests, the initiative aims to achieve 'tree equity' by 2030, ensuring all neighborhoods receive the benefits trees offer.",ongoing,Phoenix,United States,city,"[""Alley or street trees and other street vegetation"", ""Green parking lots"", ""Green playgrounds and school grounds""]","[""Extreme heat"", ""Air quality"", ""Social inequity""]","[""Improved air quality"", ""Improved physical health""]","[{""description"": ""Increased tree canopy coverage"", ""type"": ""environmental""}, {""description"": ""Improved community health"", ""type"": ""social""}, {""description"": ""Creation of green jobs"", ""type"": ""economic""}]",Co-governance with government and non-government actors,https://una.city/nbs/phoenix-fua/american-forests-tree-equity-pledge,urban,001_American_Forests_Tree_Equity_Pledge.html
Environmental education project in the Green Play City,"The 'Green Play City', a nature experience park on 4,500 sqm exists since 1999. Initiated and administered by the non-profit organization 'Wissenschaftsladen' (short WiLa), it combines nature experience and recreation for kids and grown-ups with education about the environment and nature-based design while also serving as a place for social interactions through intercultural events. The initiative 'Raus aus'm Haus' aims at expanding the educational and participatory component of the Green Play City.",completed,Bonn,Germany,neighborhood,"[""Parks and urban forests"", ""Large urban parks or forests""]","[""Green space, habitats and biodiversity (SDG 15)"", ""Social justice, cohesion and equity (SDG 10)"", ""Health and well-being (SDG 3)"", ""Cultural heritage and cultural diversity""]","[""Enabling opportunities for physical activity""]","[{""description"": ""Increased conservation or restoration of ecosystems"", ""type"": ""environmental""}, {""description"": ""Improved social cohesion"", ""type"": ""social""}, {""description"": ""Increased opportunities for social interaction"", ""type"": ""social""}, {""description"": ""Gain in activities for recreation and exercise"", ""type"": ""social""}, {""description"": ""Increased knowledge of locals about local nature"", ""type"": ""social""}, {""description"": ""Increased awareness of NBS and their benefits"", ""type"": ""social""}]",Led by non-government actors,https://una.city/nbs/bonn/environmental-education-project-green-play-city,urban,002_Environmental_education_project_in_the_Green_Play_City.html
Fog Water Farm Park and Gardens,"Eliseo Collazos is located in the coastal desert ecosystem of the Lomas or ‘fog oasis’, an area that receives less than 10 mm of rainfall per year. The Gardens, Greenspace and Health project responds to community priorities for greenspace and food security, aiming to expand greenspace, agriculture, and ecological restoration. The project involved the installation of fog catchers and the creation of common recreational spaces.",completed,"Puente Piedra, Lima (FUA)",Peru,neighborhood,"[""Community gardens and allotments"", ""Grey infrastructure featuring greens"", ""Parks and urban forests""]","[""Air pollution"", ""Soil degradation"", ""Food scarcity / security""]","[""Improved air quality"", ""Improving mental health"", ""Improving physical health""]","[{""description"": ""Achieved improved air quality"", ""type"": ""environmental""}, {""description"": ""Achieved increased green space area"", ""type"": ""environmental""}, {""description"": ""Achieved improved social cohesion"", ""type"": ""social""}, {""description"": ""Achieved increased access to healthy/affordable food"", ""type"": ""social""}, {""description"": ""Achieved improved physical health"", ""type"": ""unknown""}]","Led by non-government actors, initiated by Washington University with community involvement.",https://una.city/nbs/lima-fua/fog-water-farm-park-and-gardens,coastal,003_Fog_Water_Farm_Park_and_Gardens.html
GLAS Community Garden in Blanchardstown,"A community garden opened in 2023 on the Technological University (TU) Dublin Blanchardstown campus. This environmental education and social inclusion project is a collaborative effort involving Fingal County Council, Global Action Plan Ireland, TU Dublin, and the local community. It provides a space for local groups and schools to grow fresh produce, reconnect with nature, and foster a stronger sense of community.",ongoing,"Dublin, Dublin (FUA)",Ireland,neighborhood,"[""Community gardens"", ""Horticulture""]","[""Environmental quality"", ""Soil quality improvement"", ""Green space creation and/or management"", ""Health and well-being"", ""Improving mental health"", ""Improving physical health"", ""Social justice and equity"", ""Social interaction"", ""Environmental education"", ""Sense of community and community engagement"", ""Sustainable consumption"", ""Sustainable production""]","[""Improved mental health"", ""Improved physical health""]","[{""description"": ""Improved soil quality"", ""type"": ""environmental""}, {""description"": ""Increased green space area"", ""type"": ""environmental""}, {""description"": ""Improved social cohesion"", ""type"": ""social""}, {""description"": ""Improved access to urban green space"", ""type"": ""social""}, {""description"": ""Increased involvement of locals in the management of green spaces"", ""type"": ""social""}, {""description"": ""Improved physical health"", ""type"": ""unknown""}, {""description"": ""Improved mental health"", ""type"": ""unknown""}, {""description"": ""Increased awareness of NBS and their benefits"", ""type"": ""social""}]",Co-governance with government and non-government actors,https://una.city/nbs/dublin-fua/glas-community-garden-blanchardstown,urban,004_GLAS_Community_Garden_in_Blanchardstown.html
Heat Action Planning in Lindo Park-Roesley Park Neighborhood,"The Heat Action Planning project in the Lindo Park-Roesley Park Neighborhood in Phoenix, Arizona, specifically addresses the heat-related challenges residents face in this area. Phoenix is particularly vulnerable to extreme heat events, and this project aims to provide both mitigation and adaptation strategies to reduce the direct impacts of heat and help residents cope more effectively with these conditions. The project focuses on heat hazards such as extreme temperature events and the urban heat island effect, which disproportionately affect vulnerable populations.",ongoing,Phoenix,United States,neighborhood,"[""Parks and urban forests"", ""Pocket parks/neighbourhood green spaces""]","[""Climate action for adaptation, resilience and mitigation (SDG 13)"", ""Climate change adaptation"", ""Environmental quality"", ""Air quality improvement"", ""Green space, habitats and biodiversity (SDG 15)"", ""Green space creation and/or management"", ""Water management (SDG 6)"", ""Stormwater and rainfall management and storage"", ""Water security"", ""Health and well-being (SDG 3)"", ""Creation of opportunities for recreation"", ""Improving physical health"", ""Inclusive and effective governance (SDG 16)"", ""Inclusive governance"", ""Social justice, cohesion and equity (SDG 10)"", ""Social justice and equity"", ""Environmental education"", ""Sense of community and community engagement""]","[""Improved physical health"", ""Reduced risk of heatstroke and/or dehydration""]","[{""description"": ""Lowered local temperature"", ""type"": ""environmental""}, {""description"": ""Improved air quality"", ""type"": ""environmental""}, {""description"": ""Improved stormwater management"", ""type"": ""environmental""}, {""description"": ""Improved liveability"", ""type"": ""social""}, {""description"": ""Expected improved physical health"", ""type"": ""social""}, {""description"": ""Expected improved community safety to climate-related hazards"", ""type"": ""social""}]",Co-governance with government and non-government actors,https://una.city/nbs/phoenix-fua/heat-action-planning-lindo-park-roesley-park-neighborhood,urban,005_Heat_Action_Planning_in_Lindo_Park-Roesley_Park_Neighborhood.html
Renatura pilot: Fast Forests for Lisbon,"The Mediterranean climate in Lisbon, already characterised by low precipitation, has been further exacerbated by climate change. The city faces challenges related to biodiversity loss, urban loneliness, and climate anxiety. To address these issues, Lisbon's urban development plans have prioritised the re-naturalisation of urban spaces and the integration of ecological networks. This project encompasses different strategies, such as the RENATURA pilot project, which aims to restore forests within the city through active public participation in tree planting and forest maintenance.",completed,"Lisboa, Lisboa (FUA)",Portugal,neighborhood,"[""Parks and urban forests"", ""Large urban parks or forests""]","[""Climate change adaptation"", ""Biodiversity loss"", ""Mental health issues (stress, anxiety)"", ""Social fragmentation and isolation""]","[""Improving mental health"", ""Creation of opportunities for recreation""]","[{""description"": ""Lowered local temperature"", ""type"": ""environmental""}, {""description"": ""Improved air quality"", ""type"": ""environmental""}, {""description"": ""Increased green space area"", ""type"": ""environmental""}, {""description"": ""Improved social cohesion"", ""type"": ""social""}, {""description"": ""Achieved gain in activities for recreation and exercise"", ""type"": ""social""}]",Co-governance with government and non-government actors,https://una.city/nbs/lisboa-fua/renatura-pilot-fast-forests-lisbon,urban,006_Renatura_pilot_Fast_Forests_for_Lisbon.html
The Lower Salt River Restoration Project,"The Lower Salt River Restoration Project (LSRRP) is a riparian restoration initiative located along the Lower Salt River within the Mesa Ranger District of the Tonto National Forest. This collaborative project seeks to restore a section of the Lower Salt River Recreation Area that was severely impacted by the 2017 Cactus Fire. The LSRRP’s primary activities focus on removing invasive tamarisk trees and planting native seedlings to reestablish local flora, enhancing ecological resilience and community engagement.",ongoing,Phoenix (FUA),United States,regional,"[""Rivers/streams/canals/estuaries""]","[""Climate change adaptation"", ""Flood protection"", ""Biodiversity loss"", ""Invasive alien species""]",[],"[{""description"": ""Increased protection against flooding"", ""type"": ""environmental""}, {""description"": ""Achieved increased conservation or restoration of ecosystems"", ""type"": ""environmental""}, {""description"": ""Achieved increased number of species present"", ""type"": ""environmental""}, {""description"": ""Achieved increased involvement of locals in the management of green spaces"", ""type"": ""social""}, {""description"": ""Achieved increased knowledge of locals about local nature"", ""type"": ""social""}]",Co-governance with government and non-government actors,https://una.city/nbs/phoenix-fua/lower-salt-river-restoration-project,urban,007_The_Lower_Salt_River_Restoration_Project.html
The Red Cross and the Antilles et d'Ailleurs Garden,"The socio-economic and gendered challenges faced by female migrants in Martinique were highlighted by the NGO D’Antilles et D’Ailleurs. To address these issues, D’Antilles et D’Ailleurs and the Red Cross of Martinique developed support services to help women transition out of prostitution, including the creation of a therapeutic garden. This garden serves as a nature-based solution, providing a safe space for healing, community-building, and skill development.",completed,"Fort de France, Fort-de-France (FUA)",Martinique,site,"[""community gardens"", ""community gardens and allotments""]","[""Green space, habitats and biodiversity"", ""Social justice, cohesion and equity""]","[""Mental health issues (stress, anxiety)""]","[{""description"": ""Increased green space area"", ""type"": ""environmental""}, {""description"": ""Achieved improved social cohesion"", ""type"": ""social""}, {""description"": ""Increased support for education and scientific research"", ""type"": ""social""}]","Led by non-government actors, jointly owned by the Red Cross and D’Antilles et D’Ailleurs.",https://una.city/nbs/fort-de-france-fua/red-cross-and-antilles-et-dailleurs-garden,urban,008_The_Red_Cross_and_the_Antilles_et_dAilleurs_Garden.html
Three Bays Protected Area,"As a result of a ReefFix Project, an Integrated Coastal Zone Management (ICZM) Coral Reef and Mangrove Restoration and Watershed Management Demonstration programme, the Three Bays Marine Protected Area (MPA) and associated Integrated Coastal Zone Management (ICZM) Plan have been established in Haiti. The establishment of the MPA and ICZM will help protect the mangroves, eel grass beds, reefs and habitats housing important fisheries that are crucial for providing livelihoods to nearby communities. It will also help protect the area from storm surges and provide local communities with ecosystem services such as carbon sequestration, tourism value and more.",completed,Fort Liberté,Haiti,regional,"[""coastal wetland, mangroves and salt marshes"", ""blue infrastructure""]","[""climate change adaptation"", ""climate change mitigation"", ""coastal protection / hazard mitigation"", ""marine and coastal biodiversity protection"", ""flood protection""]",[],"[{""description"": ""Increased protection against sea level rise"", ""type"": ""environmental""}, {""description"": ""Strengthened capacity to address climate hazards/natural disasters"", ""type"": ""environmental""}, {""description"": ""Enhanced carbon sequestration"", ""type"": ""environmental""}, {""description"": ""Increased conservation or restoration of ecosystems"", ""type"": ""environmental""}, {""description"": ""Increased ecological connectivity across regeneration sites and scales"", ""type"": ""environmental""}, {""description"": ""Increased number of species present"", ""type"": ""environmental""}, {""description"": ""Increased protection of threatened species"", ""type"": ""environmental""}, {""description"": ""Increased involvement of locals in the management of green spaces"", ""type"": ""social""}, {""description"": ""Increased support for education and scientific research"", ""type"": ""social""}, {""description"": ""Improved community safety to climate-related hazards"", ""type"": ""social""}]",Co-governance with government and non-government actors,https://una.city/nbs/fort-liberte/three-bays-protected-area,coastal,009_Three_Bays_Protected_Area.html
Vinh River Rehabilitation Project,"Vinh is the biggest city in north-central Vietnam and is the hub for economic and cultural development in the region. Flooding and poor environmental sanitation are major impediments to the development of Vinh City. Recently (in 2021), with support from the World Bank, the government initiated a program, the Vinh City Priority Infrastructure and Urban Resilience Development Project (VPIUR), which aims to reduce the risk of flooding in urban areas and strengthen urban management capacity to adapt to climate change.",ongoing,Vinh,Vietnam,regional,"[""blue infrastructure"", ""grey infrastructure featuring greens""]","[""flood protection"", ""climate change adaptation""]",[],"[{""description"": ""Improved water quality"", ""type"": ""environmental""}, {""description"": ""Increased green space area"", ""type"": ""environmental""}, {""description"": ""Increased property prices"", ""type"": ""economic""}, {""description"": ""Fair distribution of social, environmental and economic benefits of the NBS project"", ""type"": ""social""}]",Co-governance with government and non-government actors,https://una.city/nbs/vinh/vinh-river-rehabilitation-project,urban,010_Vinh_River_Rehabilitation_Project.html
"'Nature Island' Community Garden - Pennenfeld, Bonn","The Nature Island Pennenfeld-Bonn ('Naturinsel Pennenfeld') is a community garden project of the Lebensqualität im Alter - LeA (Quality of Life in Old Age) Association, the District Management (QM) of Pennenfeld and the municipal housing company VEBOWAG. The project started in 2012 and its aim was the transformation of a 1,800 sqm large tree-lined lawn area into a park-like natural community garden for recreation where elderly residents have more opportunity to experience nature, while at the same time it is a place of encounter that promotes social stability.",ongoing,Bonn-Pennenfeld,Germany,neighborhood,"[""Community gardens"", ""Pocket parks/neighbourhood green spaces""]","[""Green space creation and/or management"", ""Health and well-being"", ""Social justice, cohesion and equity""]","[""Improving mental health"", ""Creation of opportunities for recreation""]","[{""description"": ""Increased green space area"", ""type"": ""environmental""}, {""description"": ""Improved social cohesion"", ""type"": ""social""}, {""description"": ""Improved mental health"", ""type"": ""unknown""}]",Led by non-government actors,https://una.city/nbs/bonn/nature-island-community-garden-pennenfeld-bonn,urban,011_Nature_Island_Community_Garden_-_Pennenfeld_Bonn.html
'United Way' annual tree planting campaign,"Fondo Unido Chihuahua, in collaboration with its corporate partners, is committed to raising awareness about environmental care and reforestation. One of its flagship initiatives is the annual tree-planting campaign, 'Planting Today to Have Oxygen Tomorrow,' organized by United Way Chihuahua in Ciudad Juárez. This environmental initiative focuses on improving the quality of different urban green spaces while fostering ecological awareness in vulnerable communities across the city.",ongoing,"Ciudad Juarez, Ciudad Juárez (FUA)",Mexico,regional,"[""Parks and urban forests"", ""Alley or street trees and other street vegetation"", ""Green playgrounds and school grounds"", ""Pocket parks/neighbourhood green spaces""]","[""Climate change adaptation"", ""Air pollution"", ""Environmental quality"", ""Green space creation and/or management""]","[""Creation of opportunities for recreation""]","[{""description"": ""Increased number of species present"", ""type"": ""environmental""}, {""description"": ""Increased involvement of locals in the management of green spaces"", ""type"": ""social""}, {""description"": ""Increased awareness of NBS and their benefits"", ""type"": ""social""}, {""description"": ""Increased perception of safety"", ""type"": ""social""}]","Led by non-government actors, specifically Fondo Unido Chihuahua",https://una.city/nbs/ciudad-juarez-fua/united-way-annual-tree-planting-campaign,urban,012_United_Way_annual_tree_planting_campaign.html
"""Gallus Garden"" Community Garden","In Frankfurt, the ""Gallus Garden"" is a community garden built in 2016, which not only impresses with its 1000 m2 size but also reflects the cultural diversity in the district. The garden was initiated by the Kinder im Zentrum Gallus association in collaboration with the Gallus neighbourhood management with the help of many sponsors and donors. The aim of the Gallus Garden is to create a community place where old and new residents of the area get together, can share knowledge and spend time in nature.",completed,Frankfurt am Main,Germany,neighborhood,"[""Community gardens and allotments"", ""Allotments"", ""Community gardens""]","[""Green space, habitats and biodiversity (SDG 15)"", ""Social justice, cohesion and equity (SDG 10)"", ""Health and well-being (SDG 3)"", ""Sustainable consumption and production (SDG 12)""]","[""Creation of opportunities for recreation""]","[{""description"": ""Increased green space area"", ""type"": ""environmental""}, {""description"": ""Improved social cohesion"", ""type"": ""social""}, {""description"": ""Increased access to healthy/affordable food"", ""type"": ""social""}, {""description"": ""Gain in activities for recreation and exercise"", ""type"": ""unknown""}]",Co-governance with government and non-government actors,https://una.city/nbs/frankfurt-am-main/gallus-garden-community-garden,urban,013_Gallus_Garden_Community_Garden.html
"""Green country"" : planting 1 million trees","Martinique is a biodiversity hotspot, home to over 1,500 endemic plants, 70% of which are under threat from human activities. In response to these pressures, the Péyi Vert [Green Country] initiative was launched to plant endemic trees and strengthen the island's biodiversity. Launched in June 2020 by Entreprises et Environnement (EE), the initiative aims to plant 1 million native trees over five years.",ongoing,"Fort-de-france, Fort-de-France (FUA)",Martinique,regional,"[""Parks and urban forests"", ""Community gardens and allotments"", ""Blue infrastructure""]","[""Climate change adaptation"", ""Climate change mitigation"", ""Air quality improvement"", ""Biodiversity loss""]","[""Improved air quality"", ""Increased access to healthy/affordable food""]","[{""description"": ""Enhanced carbon sequestration"", ""type"": ""environmental""}, {""description"": ""Increased access to healthy/affordable food"", ""type"": ""social""}, {""description"": ""Increased sense of place identity, memory and belonging"", ""type"": ""social""}]","Led by non-government actors, primarily Entreprises et Environnement (EE)",https://una.city/nbs/fort-de-france-fua/green-country-planting-1-million-trees,urban,014_Green_country__planting_1_million_trees.html
"""Herzkamp"" lighthouse project in Hanover-Bothfeld","In 2016 the Environmental Protection Division of Hannover's Department of Environment and Urban Environment started a common pilot project, KlimaWohL, with Bothfelder Kamp GmbH & Co. KG and the Gundlach Group. The aim of the project is to implement a new residential area where the researchers of KlimaWohL can systematically test the climate adaptation strategy of Hanover. The new residential area aims to be an innovative example of climate-adaption for other cities, equipped with extensive green surfaces.",ongoing,Hannover,Germany,neighborhood,"[""Nature on buildings (external)"", ""Green roofs"", ""Green walls or facades"", ""Grey infrastructure featuring greens"", ""Alley or street trees and other street vegetation"", ""Green parking lots"", ""Parks and urban forests"", ""Large urban parks or forests"", ""Pocket parks/neighbourhood green spaces"", ""Community gardens"", ""Sustainable urban drainage systems""]","[""Climate change adaptation"", ""Habitat and biodiversity conservation"", ""Air quality improvement"", ""Waste management"", ""Regulation of built environment"", ""Real estate development"", ""Employment/job creation""]",[],"[{""description"": ""Lowered local temperature"", ""type"": ""environmental""}, {""description"": ""Reduced emissions"", ""type"": ""environmental""}, {""description"": ""Improved air quality"", ""type"": ""environmental""}, {""description"": ""Increased green space area"", ""type"": ""environmental""}, {""description"": ""Increase of green jobs"", ""type"": ""economic""}, {""description"": ""Improved liveability"", ""type"": ""social""}, {""description"": ""Increased opportunities for social interaction"", ""type"": ""social""}, {""description"": ""Increased knowledge of locals about local nature"", ""type"": ""social""}]",Co-governance with government and non-government actors,https://una.city/nbs/hannover/herzkamp-lighthouse-project-hanover-bothfeld,urban,015_Herzkamp_lighthouse_project_in_Hanover-Bothfeld.html
"""I Have A Bee"" Organisation",‘I have a bee’ (IHAB) is an organisation for hobby beekeepers. It contributes to a sustainable and long-term solution to the bee colony collapse phenomenon by popularizing bee keeping as a hobby. The group has engaged in research about the roots of traditional beekeeping and designed a new top bar hive which has the advantage of being usable in backyards or on city terraces.,unknown,Sofia,Bulgaria,city,"[""Grey infrastructure featuring greens"", ""Other""]","[""Green space, habitats and biodiversity (SDG 15)"", ""Cultural heritage and cultural diversity"", ""Social justice, cohesion and equity (SDG 10)"", ""Economic development and employment (SDG 8)""]",[],"[{""description"": ""Increased conservation or restoration of ecosystems"", ""type"": ""environmental""}, {""description"": ""Reduced biodiversity loss"", ""type"": ""environmental""}, {""description"": ""Increased number of species present"", ""type"": ""environmental""}, {""description"": ""Increased protection of threatened species"", ""type"": ""environmental""}, {""description"": ""Enhanced support of pollination"", ""type"": ""environmental""}, {""description"": ""Increased visibility and opportunity for marginalised groups or indigenous peoples"", ""type"": ""social""}, {""description"": ""Increased access to healthy/affordable food"", ""type"": ""social""}]",Led by non-government actors,https://una.city/nbs/sofia/i-have-bee-organisation,urban,016_I_Have_A_Bee_Organisation.html
"""Let's return the rivers to the city"" campaign","In 2019, the public initiative ""Let's return the rivers to the city"" campaign united public forces around the Podborenka river, which flows through the territory of Izhevsk along its entire length. The project's primary goal is to increase the efficiency of urban resources and the creation of new scenarios for resource use on the example of the space of the riverbed of a small river. The project implementation contributes to improving the ecological situation of the Podborenka River, its embankment zone and biodiversity.",ongoing,Izhevsk,Russia,regional,"[""Grey infrastructure featuring greens"", ""Blue infrastructure"", ""Riverbank/Lakeside greens"", ""Rivers/streams/canals/estuaries"", ""Green areas for water management"", ""Sustainable urban drainage systems""]","[""Climate action for adaptation, resilience and mitigation (SDG 13)"", ""Water management (SDG 6)"", ""Green space, habitats and biodiversity (SDG 15)"", ""Social justice, cohesion and equity (SDG 10)"", ""Health and well-being (SDG 3)""]","[""Creation of opportunities for recreation""]","[{""description"": ""Improved water quality"", ""type"": ""environmental""}, {""description"": ""Enhanced protection and restoration of freshwater ecosystems"", ""type"": ""environmental""}, {""description"": ""Increased conversion of degraded land or soil"", ""type"": ""environmental""}, {""description"": ""Stimulate development in deprived areas"", ""type"": ""economic""}, {""description"": ""Improved access to urban green space"", ""type"": ""social""}, {""description"": ""Increased opportunities for social interaction"", ""type"": ""social""}, {""description"": ""Gain in activities for recreation and exercise"", ""type"": ""social""}, {""description"": ""Increased knowledge of locals about local nature"", ""type"": ""social""}]",Co-governance with government and non-government actors,https://una.city/nbs/izhevsk/lets-return-rivers-city-campaign,urban,017_Lets_return_the_rivers_to_the_city_campaign.html
"""Misheel"" botanical garden","The Misheel Botanical Garden is a large park located in Ulaanbaatar, Mongolia, established in 2021 along the Tuul River. The project was carried out by ""Misheel Group"" LLC in cooperation with public actors and more than 100 customer organisations, within the framework of social and environmental responsibility. The project aims to maintain and restore the ecological balance of flora and fauna, increase the flow of the Tuul river basin by planting trees each year, and provide citizens with more leisure and recreation opportunities.",completed,Ulaanbaatar,Mongolia,neighborhood,"[""Blue infrastructure"", ""Community gardens and allotments"", ""Grey infrastructure featuring greens"", ""Parks and urban forests""]","[""Air quality improvement"", ""Habitat and biodiversity restoration"", ""Flood protection"", ""Improving mental health"", ""Improving physical health"", ""Creation of opportunities for recreation""]","[""Improved air quality"", ""Improved mental health"", ""Improved physical health"", ""Enabling opportunities for physical activity""]","[{""description"": ""Improved air quality"", ""type"": ""environmental""}, {""description"": ""Increased opportunities for social interaction"", ""type"": ""social""}, {""description"": ""Improved physical health"", ""type"": ""unknown""}]",Co-governance with government and non-government actors,https://una.city/nbs/ulaanbaatar/misheel-botanical-garden,urban,018_Misheel_botanical_garden.html
"""Planting a tree for the climate""","In anticipation of the organisation of the 2016 United Nations Climate Change Conference in Marrakech, the Sidi Mohammed Benabdellah University (USMBA) of Fez has launched an operation to plant 1,000 trees of different species. This intervention was part of a series of scientific, cultural, artistic, sporting and environmental actions undertaken by the University for the Climate, with the cooperation of other partners. Students and faculty as well as NGO representatives were present and implemented the action which ultimately led to the creation of green areas within the campus and around the faculties and universities.",completed,Fez,Morocco,neighborhood,"[""Parks and urban forests"", ""Pocket parks/neighbourhood green spaces""]","[""Climate action for adaptation, resilience and mitigation (SDG 13)"", ""Climate change mitigation"", ""Green space, habitats and biodiversity (SDG 15)"", ""Habitat and biodiversity conservation"", ""Green space creation and/or management"", ""Regeneration, land-use and urban development"", ""Promote natural styles of landscape design for urban development"", ""Social justice, cohesion and equity (SDG 10)"", ""Environmental education""]",[],"[{""description"": ""Increased green space area"", ""type"": ""environmental""}, {""description"": ""Increased number of species present"", ""type"": ""environmental""}, {""description"": ""Increased support for education and scientific research"", ""type"": ""social""}, {""description"": ""Increased awareness of NBS and their benefits"", ""type"": ""social""}]","Led by non-government actors, initiated by the University of Sidi Mohammed Benabdellah (USMBA) with help from students, professors, and some NGOs.",https://una.city/nbs/fez/planting-tree-climate,urban,019_Planting_a_tree_for_the_climate.html
"""Rain garden"" along the October 28th street in Thessaloniki","The 28th of October Street (28ης Οκτωβρίου) was one of the most neglected streets on the eastern side of Thessaloniki, completely devoid of trees despite its central importance. Additionally, the street suffered from severe flooding during heavy rainfall. In 2011, the Municipality of Thessaloniki proposed a redevelopment project aimed at transforming the street through the planting of trees and the installation of flower beds that would function as rain gardens.",completed,Thessaloniki,Greece,neighborhood,"[""rain gardens"", ""green areas for water management"", ""alley or street trees and other street vegetation""]","[""urban flooding"", ""stormwater management"", ""improvements to water quality""]","[""creation of opportunities for recreation""]","[{""description"": ""Improved water quality"", ""type"": ""environmental""}, {""description"": ""Increased green space area"", ""type"": ""environmental""}, {""description"": ""Reduced financial cost for urban management"", ""type"": ""economic""}, {""description"": ""Increased visibility and opportunity for marginalized groups"", ""type"": ""social""}, {""description"": ""Increased awareness of NBS and their benefits"", ""type"": ""social""}]",Government-led,https://una.city/nbs/thessaloniki-fua/rain-garden-along-october-28th-street-thessaloniki,urban,020_Rain_garden_along_the_October_28th_street_in_Thessaloniki.html
"""Uuliin Nuur"" Park","Uuliin Nuur (Mountain Lake or Green Lake) is a community park located in the ger district area known as Denjin Myanga of Ulaanbaatar city. The area was once a quarry and later a dumping ground, but in 2009, a private citizen transformed it into a green garden to create a healthy public space. The park officially opened in May 2014 and features various community facilities and approximately 1000 trees and shrubs planted by locals and visitors.",completed,Ulaanbaatar,Mongolia,neighborhood,"[""Parks and urban forests"", ""Large urban parks or forests"", ""Lakes/ponds""]","[""Air quality improvement"", ""Waste management"", ""Green space creation and/or management"", ""Improvements to water quality"", ""Social cohesion"", ""Tourism support""]","[""Improved mental health"", ""Enabling opportunities for physical activity"", ""Creation of opportunities for recreation""]","[{""description"": ""Improved air quality"", ""type"": ""environmental""}, {""description"": ""Increased green space area"", ""type"": ""environmental""}, {""description"": ""Improved social cohesion"", ""type"": ""social""}, {""description"": ""Increased opportunities for social interaction"", ""type"": ""social""}, {""description"": ""Improved mental health"", ""type"": ""social""}, {""description"": ""Increased knowledge of locals about local nature"", ""type"": ""social""}]","Led by non-government actors, initiated by citizens or community group, with community involvement in tree planting and education.",https://una.city/nbs/ulaanbaatar/uuliin-nuur-park,urban,021_Uuliin_Nuur_Park.html
“The garden of senses”,"The initiative promoted by the event “Primavera Mediterranea” (Mediterranean spring) transforms the central pedestrian area of via Argirio into an urban park. The project is aimed at rethinking the urban spaces in a green way, as urban gardens are built within the whole central area. The main benefit of the initiative is to give a green view of the city centre, a new dimension of the lived urban space. In addition, workshops and manifestations are organized within the area, to promote also the social and cultural value of the zone.",ongoing,Bari,Italy,site,"[""community gardens and allotments"", ""alley or street trees and other street vegetation"", ""grey infrastructure featuring greens""]","[""Green space, habitats and biodiversity (SDG 15)"", ""Social justice, cohesion and equity (SDG 10)"", ""Health and well-being (SDG 3)"", ""Cultural heritage and cultural diversity"", ""Sustainable consumption and production (SDG 12)""]","[""Creation of opportunities for recreation""]","[{""description"": ""Increased green space area"", ""type"": ""environmental""}, {""description"": ""Increased number of species present"", ""type"": ""environmental""}, {""description"": ""Gain in activities for recreation and exercise"", ""type"": ""social""}, {""description"": ""Increased knowledge of locals about local nature"", ""type"": ""social""}, {""description"": ""Increased awareness of NBS and their benefits"", ""type"": ""social""}]",Co-governance with government and non-government actors,https://una.city/nbs/bari/garden-senses,urban,022_The_garden_of_senses.html
100 trees and 100 bushes for the Podgorze district,"In 2013, local activists came up with an initiative to plant 100 trees and 100 bushes in different parts of the District XIII in Kraków. It was supposed to be financed by the participatory budget of Kraków. The project aimed to increase the aesthetic and decorative value of the area and to increase the comfort of living of its inhabitants.",completed,Kraków,Poland,neighborhood,"[""Alley or street trees and other street vegetation""]","[""Green space, habitats and biodiversity (SDG 15)"", ""Habitat and biodiversity restoration"", ""Green space creation and/or management""]","[""Health and wellbeing"", ""Gain in activities for recreation and exercise""]","[{""description"": ""Increased green space area"", ""type"": ""environmental""}, {""description"": ""Increased number of species present"", ""type"": ""environmental""}]",Co-governance with government and non-government actors,https://una.city/nbs/krakow/100-trees-and-100-bushes-podgorze-district,urban,023_100_trees_and_100_bushes_for_the_Podgorze_district.html
100 trees in Poznan,"The ‘100 trees’ project replanted empty spots where trees had grown but later were cut down in the Grunwald district of Poznan. It involved planting trees resistant to urban conditions and salinity in the places indicated by the project proposal – empty squares in a sidewalk, where trees were cut or withered. By re-planting the greenery the project enhanced the aesthetics of the district and the quality of life for its inhabitants.",completed,Poznan,Poland,neighborhood,"[""Alley or street trees and other street vegetation""]","[""Green space, habitats and biodiversity (SDG 15)"", ""Environmental quality"", ""Health and well-being (SDG 3)""]","[""Improving physical health""]","[{""description"": ""Green space and habitat"", ""type"": ""environmental""}, {""description"": ""Social justice and cohesion"", ""type"": ""social""}, {""description"": ""Improved access to urban green space"", ""type"": ""social""}, {""description"": ""Increased awareness of NBS and their benefits"", ""type"": ""social""}]",Co-governance with government and non-government actors,https://una.city/nbs/poznan/100-trees-poznan,urban,024_100_trees_in_Poznan.html
5 new stormwater retention basins,"In 2014, the Marseille Provence Métropole Urban Community commissioned five new stormwater retention basins in order to preserve the quality of coastal waters and reduce the risk of flooding. This project aims to prevent runoff water from ending in the ocean and to protect aquatic habitats. It is part of a larger initiative to modernize the sanitation system and improve water quality.",ongoing,Marseille,France,regional,"[""sustainable urban drainage systems"", ""blue infrastructure""]","[""flood protection"", ""water management"", ""improvements to water quality""]","[""creation of opportunities for recreation""]","[{""description"": ""Improved water quality"", ""type"": ""environmental""}, {""description"": ""Increased protection against flooding"", ""type"": ""environmental""}, {""description"": ""Health and wellbeing"", ""type"": ""social""}]",Co-governance with government and non-government actors,https://una.city/nbs/marseille/5-new-stormwater-retention-basins,coastal,025_5_new_stormwater_retention_basins.html
A Green Promenade for Cagliari,"Cagliari's waterfront is currently characterized by extensive soil sealing, which has rendered the soil impermeable, leading to a loss of biodiversity and contributing to the urban heat island effect. In 2023, the Municipality of Cagliari launched the 'Green Promenade for Cagliari’s Seafront' project, aimed at revitalizing the waterfront and reconnecting the city with its coastal heritage. The project seeks to transform the area into a continuous green space that integrates pedestrian pathways with shaded public areas, functioning as a 'green lung' to mitigate urban heat and enhance biodiversity.",ongoing,Cagliari,Italy,neighborhood,"[""Parks and urban forests"", ""Pocket parks/neighbourhood green spaces"", ""Green corridors and green belts""]","[""Climate change adaptation"", ""Air quality improvement"", ""Flood protection"", ""Biodiversity loss""]","[""Improved air quality"", ""Creation of opportunities for recreation""]","[{""description"": ""Improved air quality"", ""type"": ""environmental""}, {""description"": ""Increased green space area"", ""type"": ""environmental""}, {""description"": ""Expected attraction of business and investment"", ""type"": ""economic""}, {""description"": ""Improved access to urban green space"", ""type"": ""social""}]",Co-governance with government and non-government actors,https://una.city/nbs/cagliari-fua/green-promenade-cagliari,urban,026_A_Green_Promenade_for_Cagliari.html
A Green River for Milan,"With the 'Green River' for Milan, the design team coordinated by Stefano Boeri has proposed an urban reforestation project that aims to realise on 90% of the seven abandoned railways a continuous system of parks, woods, oases, orchards and gardens for public use, linked between them by green corridors and bicycles made on the railroad tracks.",ongoing,Milano,Italy,regional,"[""Parks and urban forests"", ""Green corridors and green belts""]","[""Climate action for adaptation, resilience and mitigation (SDG 13)"", ""Climate change mitigation"", ""Green space, habitats and biodiversity (SDG 15)"", ""Habitat and biodiversity restoration"", ""Green space creation and/or management"", ""Regeneration, land-use and urban development"", ""Conversion of former industrial areas""]",[],"[{""description"": ""Increased green space area"", ""type"": ""environmental""}, {""description"": ""Increased ecological connectivity across regeneration sites and scales"", ""type"": ""environmental""}, {""description"": ""Restoration of derelict areas"", ""type"": ""environmental""}, {""description"": ""Protection of natural heritage"", ""type"": ""social""}, {""description"": ""Increased sense of place identity, memory and belonging"", ""type"": ""social""}]",Co-governance with government and non-government actors,https://una.city/nbs/milano/green-river-milan,urban,027_A_Green_River_for_Milan.html
A Green Workspace- Karupannya Factory,"As an industrial development practice that involves a symbiotic connection between materials, energy, natural systems and local communities, the concept of green industry has become a point of focus for a factory in Rangapur, Karupannya Rangpur Ltd., designed by Architect Bayejid Mahbub Khondker and his team. The factory has become a pioneering example in the 'green industry' initiatives in Bangladesh. The intervention was designed to respond to human and environmental needs by improving work conditions for the workers and addressing challenges related to energy efficiency.",completed,Rangpur,Bangladesh,site,"[""Nature in buildings (indoor)"", ""Green walls and ceilings"", ""Nature on buildings (external)"", ""Green roofs"", ""Green walls or facades""]","[""Climate change adaptation"", ""Climate change mitigation"", ""Habitat and biodiversity conservation"", ""Green space creation and/or management"", ""Stormwater and rainfall management and storage"", ""Improvements to water quality"", ""Improving mental health"", ""Improving physical health"", ""Creation of opportunities for recreation""]","[""Improved mental health"", ""Improved physical health"", ""Creation of opportunities for recreation""]","[{""description"": ""Lowered local temperature"", ""type"": ""environmental""}, {""description"": ""Increased number of species present"", ""type"": ""environmental""}, {""description"": ""Reduce financial cost for urban management"", ""type"": ""economic""}, {""description"": ""Fair distribution of social, environmental and economic benefits of the NBS project"", ""type"": ""social""}]",Led by non-government actors; Private sector/corporate actor/company,https://una.city/nbs/rangpur/green-workspace-karupannya-factory,unknown,028_A_Green_Workspace-_Karupannya_Factory.html
A Million of Corals for Colombia,"The ""Un Millón de Corales por Colombia"" project is a national initiative aimed at the restoration and conservation of coral reefs across Colombia. Initiated in 2021, this ambitious project seeks to rehabilitate 200 hectares of coral reef by planting one million coral fragments across seven departments in Colombia, spanning both the Caribbean and Pacific regions. The initiative focuses on restoring this vital ecosystem and involves continuous education and involvement of the community and stakeholders to ensure long-term sustainability.",completed,"Cartagena, Cartagena (FUA)",Colombia,regional,"[""blue infrastructure"", ""coastlines""]","[""coastal resilience and marine protection"", ""coastal protection / hazard mitigation"", ""marine and coastal biodiversity protection"", ""marine and coastal research and/or education""]",[],"[{""description"": ""Enhanced protection and restoration of coastal and marine ecosystems"", ""type"": ""environmental""}, {""description"": ""Increased conservation or restoration of ecosystems"", ""type"": ""environmental""}, {""description"": ""Increased protection of threatened species"", ""type"": ""environmental""}, {""description"": ""Achieved increase of green jobs"", ""type"": ""economic""}, {""description"": ""Achieved increased knowledge of locals about local nature"", ""type"": ""social""}]",Government-led,https://una.city/nbs/cartagena-fua/million-corals-colombia,coastal,029_A_Million_of_Corals_for_Colombia.html
"A Paceño, a Tree","The initiative consists of an afforestation campaign promoted by the local government of La Paz, with the objective of planting 10,000 trees and shrubs. Carried out between 2023 and 2024, the campaign included plantations across all the macrodistricts of La Paz. The trees play specific roles in mitigating climate change, improving air quality, reducing odors from nearby landfills, and decreasing the risk of landslides and soil erosion.",completed,La Paz,Bolivia,neighborhood,"[""Parks and urban forests"", ""Pocket parks/neighbourhood green spaces""]","[""Climate change adaptation"", ""Climate change mitigation"", ""Air quality improvement"", ""Flood protection"", ""Environmental education""]","[""Improved air quality""]","[{""description"": ""Enhanced carbon sequestration"", ""type"": ""environmental""}, {""description"": ""Improved resilience against landslides"", ""type"": ""environmental""}, {""description"": ""Improved air quality"", ""type"": ""environmental""}, {""description"": ""Increased green space area"", ""type"": ""environmental""}, {""description"": ""Generation of other type of work opportunities (e.g. voluntary, work for rehabilitation)"", ""type"": ""economic""}, {""description"": ""Improved liveability"", ""type"": ""social""}, {""description"": ""Increased involvement of locals in the management of green spaces"", ""type"": ""social""}, {""description"": ""Increased appreciation for natural spaces"", ""type"": ""social""}]",Local government/municipality,https://una.city/nbs/la-paz-fua/paceno-tree,urban,030_A_Paceño_a_Tree.html
A roof garden of the Diakonissen Klinik,A roof garden of about 370 square meters was built on the new building of the Diakonissenklinik in the course of the general renovation. The new intensive greening of the roof can be seen from many hospital wards and serves as an additional recreation facility for its patients.,completed,Augsburg,Germany,site,"[""green roofs""]","[""Climate change adaptation"", ""Stormwater and rainfall management and storage"", ""Green space creation and/or management"", ""Creation of opportunities for recreation""]","[""Improved physical health"", ""Gain in activities for recreation and exercise""]","[{""description"": ""Lowered local temperature"", ""type"": ""environmental""}, {""description"": ""Improved stormwater management"", ""type"": ""environmental""}, {""description"": ""Increased green space area"", ""type"": ""environmental""}, {""description"": ""Increased number of species present"", ""type"": ""environmental""}, {""description"": ""Improved liveability"", ""type"": ""social""}, {""description"": ""Improved access to urban green space"", ""type"": ""social""}, {""description"": ""Increased opportunities for social interaction"", ""type"": ""social""}, {""description"": ""Improved physical health"", ""type"": ""social""}]",Led by non-government actors,https://una.city/nbs/augsburg/roof-garden-diakonissen-klinik,urban,031_A_roof_garden_of_the_Diakonissen_Klinik.html
A Square in each Neighbourhood: Street of Campolide,"In 2017 the municipality of Lisbon approved the program called 'A Square in each neighbourhood'. The municipality was seeking to revamp different neighbourhoods' green areas with the help of the citizens and collect contributions from the population most directly linked to the intervention sites. In this context the redevelopment of Campolide Street was based on the need to create better pedestrian accessibility in the detriment of traffic, improving the circulation of elderly in wheelchairs and children, the creation of a playground and the increase of green areas by planting more trees and create an element of water.",completed,"Lisbon, Lisboa (FUA)",Portugal,site,"[""Grey infrastructure featuring greens"", ""Alley or street trees and other street vegetation"", ""Green playgrounds and school grounds"", ""Parks and urban forests"", ""Pocket parks/neighbourhood green spaces""]","[""Green space, habitats and biodiversity (SDG 15)"", ""Social justice, cohesion and equity (SDG 10)"", ""Health and well-being (SDG 3)""]","[""Enabling opportunities for physical activity"", ""Creation of opportunities for recreation""]","[{""description"": ""Increased green space area"", ""type"": ""environmental""}, {""description"": ""Improved access to urban green space"", ""type"": ""social""}, {""description"": ""Improved physical health"", ""type"": ""unknown""}, {""description"": ""Gain in activities for recreation and exercise"", ""type"": ""unknown""}]",Co-governance with government and non-government actors,https://una.city/nbs/lisboa/square-each-neighbourhood-street-campolide,urban,032_A_Square_in_each_Neighbourhood_Street_of_Campolide.html
A Square Meter for Butterflies,"The Square Metre for Butterflies project was initiated by the Royal Botanic Gardens of Edinburgh (RBGE), in partnership with the Butterfly Conservation Trust, as an Edinburgh Living Landscape network membership activity. By planting relatively small-sized patches of caterpillar food plants on the roofs of mainly office buildings, the aim of the project is to enhance green roofs in order to increase their value for biodiversity, and for native butterflies in particular. Office buildings in Edinburgh’s city centre are targeted because of their location close to Arthur’s Seat hill, which is the natural habitat of Edinburgh’s butterflies.",ongoing,Edinburgh,United Kingdom,site,"[""green roofs""]","[""Green space, habitats and biodiversity (SDG 15)"", ""Social justice, cohesion and equity (SDG 10)""]",[],"[{""description"": ""Increased number of protection areas"", ""type"": ""environmental""}, {""description"": ""Increased green space area"", ""type"": ""environmental""}, {""description"": ""Increased conservation or restoration of ecosystems"", ""type"": ""environmental""}, {""description"": ""Reduced biodiversity loss"", ""type"": ""environmental""}, {""description"": ""Increased number of species present"", ""type"": ""environmental""}, {""description"": ""Increased protection of threatened species"", ""type"": ""environmental""}, {""description"": ""Enhanced support of pollination"", ""type"": ""environmental""}, {""description"": ""Increased involvement of locals in the management of green spaces"", ""type"": ""social""}, {""description"": ""Increased knowledge of locals about local nature"", ""type"": ""social""}, {""description"": ""Increased awareness of NBS and their benefits"", ""type"": ""social""}]",Co-governance with government and non-government actors,https://una.city/nbs/edinburgh/square-meter-butterflies,urban,033_A_Square_Meter_for_Butterflies.html
A vegetable garden on an urban terrace,"An urban garden on a private citizen's terrace in the city of Aix en Provence, has been created with the help of the organization ""Pays d'Aix en Transition"" working towards permaculture and urban gardening. The main objective of this urban garden is to produce vegetables and fruit for personal consumption, to install plants in a very urban environment, and use permaculture techniques. Another objective is to grow climbing plants to decorate the walls.",completed,Aix en Provence,France,site,"[""green walls or facades"", ""community gardens and allotments""]","[""Green space, habitats and biodiversity (SDG 15)"", ""Sustainable consumption and production (SDG 12)""]","[""increased access to healthy/affordable food""]","[{""description"": ""Increased green space area"", ""type"": ""environmental""}, {""description"": ""Increased number of species present"", ""type"": ""environmental""}, {""description"": ""Increased market share for green economies"", ""type"": ""economic""}, {""description"": ""Increased sustainability of agriculture practices"", ""type"": ""social""}]",Led by non-government actors,https://una.city/nbs/aix-en-provence/vegetable-garden-urban-terrace,urban,034_A_vegetable_garden_on_an_urban_terrace.html
A wood for the city: the urban forest of Mount Urpinu,"In the city of Cagliari, in the location of Mount Urpinu, 6400 new trees have been planted. The project, initiated in 2022, sought to restore the area's biodiversity and to revitalize the park for the benefits of the citizens. The project's goal is to restore biodiversity, mitigate temperatures, decrease air pollution, and increase citizens' sense of community.",completed,"Cagliari, Cagliari (FUA)",Italy,neighborhood,"[""Parks and urban forests"", ""Large urban parks or forests"", ""Green corridors and green belts""]","[""Climate change adaptation"", ""Climate change mitigation"", ""Soil quality improvement"", ""Waste management"", ""Habitat and biodiversity restoration"", ""Stormwater and rainfall management and storage"", ""Creation of opportunities for recreation"", ""Social interaction"", ""Sense of community and community engagement""]","[""Gain in activities for recreation and exercise"", ""Increased perception of safety""]","[{""description"": ""Lowered local temperature"", ""type"": ""environmental""}, {""description"": ""Improved air quality"", ""type"": ""environmental""}, {""description"": ""Increased green space area"", ""type"": ""environmental""}, {""description"": ""Increased number of species present"", ""type"": ""environmental""}, {""description"": ""Expected gain in activities for recreation and exercise"", ""type"": ""social""}, {""description"": ""Expected increased perception of safety"", ""type"": ""social""}]",Co-governance with government and non-government actors,https://una.city/nbs/cagliari-fua/wood-city-urban-forest-mount-urpinu,urban,035_A_wood_for_the_city_the_urban_forest_of_Mount_Urpinu.html
Aarhus River Project,"The project was about restoration of the Aarhus river. The river was piped during the 1930s for hygienic reasons and to give space for road infrastructure. In 1989, the city decided to resurface the river. The river acts as a green and blue corridor running through the city centre.",completed,Århus,Denmark,regional,"[""Parks and urban forests"", ""Blue infrastructure"", ""Green areas for water management""]","[""Flood protection"", ""Water management"", ""Climate change adaptation""]","[""Enabling opportunities for physical activity"", ""Creation of opportunities for recreation""]","[{""description"": ""Improved water quality"", ""type"": ""environmental""}, {""description"": ""Increased property prices"", ""type"": ""economic""}, {""description"": ""Increased opportunities for social interaction"", ""type"": ""social""}]",Co-governance with government and non-government actors,https://una.city/nbs/arhus/aarhus-river-project,urban,036_Aarhus_River_Project.html
Abandoibarra's Green Oasis,"Abandoibarra is an area of ​​the town of Bilbao, next to the Bilbao estuary, sizing ​​348,500 square meters. Abandoibarra has been the industrial zone of Bilbao, where shipyards and other companies related to the industrial sector were located. Building upon the 1997 master plan completed by Balmori Associates, Pelli Clarke Pelli Architects and Aguinaga y Asociados, the area has been reinvented as an international cultural district and tourist destination. Two-thirds of the 30-hectare site is dedicated to parks and open spaces, creating a public oasis and grounds for a suite of buildings by master architects (Ref 1,2).",completed,Bilbao,Spain,neighborhood,"[""Grey infrastructure featuring greens"", ""Alley or street trees and other street vegetation"", ""Railroad bank and track greens"", ""Blue infrastructure"", ""Riverbank/Lakeside greens"", ""Parks and urban forests"", ""Pocket parks/neighbourhood green spaces""]","[""Green space, habitats and biodiversity (SDG 15)"", ""Green space creation and/or management"", ""Regeneration, land-use and urban development"", ""Regulation of built environment"", ""Promote natural styles of landscape design for urban development"", ""Health and well-being (SDG 3)"", ""Creation of opportunities for recreation"", ""Economic development and employment (SDG 8)"", ""Tourism support""]","[""Gain in activities for recreation and exercise""]","[{""description"": ""Increased green space area"", ""type"": ""environmental""}, {""description"": ""Promotion of naturalistic styles of landscape design for urban development"", ""type"": ""environmental""}, {""description"": ""Stimulate development in deprived areas"", ""type"": ""economic""}, {""description"": ""Attraction of business and investment"", ""type"": ""economic""}, {""description"": ""Increased perception of safety"", ""type"": ""social""}, {""description"": ""Improved access to urban green space"", ""type"": ""social""}]",Co-governance with government and non-government actors,https://una.city/nbs/bilbao/abandoibarras-green-oasis,urban,037_Abandoibarras_Green_Oasis.html
Abandoned areas: management strategy,"In 2009, the city of Montpellier launched a large census project to valorize its abandoned areas. The study gives guidance on the management of abandoned areas in Montpellier, particularly in connection with environmental education and awareness objectives. The strategy aims to preserve and promote the natural heritage of Montpellier; promote wastelands as reservoirs of biodiversity, tools for connecting natural spaces; protect and enhance the great green flows accompanying watercourses; and develop a network of soft transport throughout the city based on the green network.",ongoing,Montpellier,France,regional,"[""Parks and urban forests"", ""Large urban parks or forests"", ""Green corridors and green belts"", ""Community gardens and allotments"", ""Horticulture"", ""Blue infrastructure"", ""Rivers/streams/canals/estuaries"", ""Intentionally unmanaged areas"", ""Abandoned spaces with growth of wilderness or greens""]","[""Climate change adaptation"", ""Flood protection"", ""Stormwater and rainfall management and storage"", ""Habitat and biodiversity conservation"", ""Air quality improvement"", ""Noise reduction"", ""Conversion of former industrial areas"", ""Environmental education""]","[""Creation of opportunities for recreation""]","[{""description"": ""Enhanced carbon sequestration"", ""type"": ""environmental""}, {""description"": ""Improved air quality"", ""type"": ""environmental""}, {""description"": ""Reduced noise exposure"", ""type"": ""environmental""}, {""description"": ""Increased protection against flooding"", ""type"": ""environmental""}, {""description"": ""Increased conservation or restoration of ecosystems"", ""type"": ""environmental""}, {""description"": ""Increased knowledge of locals about local nature"", ""type"": ""social""}, {""description"": ""Increased awareness of NBS and their benefits"", ""type"": ""social""}]",Local government/municipality,https://una.city/nbs/montpellier/abandoned-areas-management-strategy,urban,038_Abandoned_areas_management_strategy.html
ACROS Fukuoka Prefectural International Hall Step Garden,"The 'Step Garden' is a 14-tier green roof atop the Asian Cross Roads Over the Sea (ACROS) Fukuoka Prefectural International Hall in Fukuoka, Japan. The Hall itself is a centre of international, cultural and information exchange, and sits amidst the Tenjin Central Park. The rooftop garden is considered to be the only open green space in the city centre, and since its inauguration in 1995, has been open to the public.",completed,Fukuoka,Japan,site,"[""green roofs"", ""large urban parks or forests"", ""lakes/ponds""]","[""climate change adaptation"", ""stormwater and rainfall management and storage"", ""habitat and biodiversity conservation"", ""green space creation and/or management"", ""creation of opportunities for recreation""]","[""improved mental health""]","[{""description"": ""Lowered local temperature"", ""type"": ""environmental""}, {""description"": ""Improved air quality"", ""type"": ""environmental""}, {""description"": ""Reduced noise exposure"", ""type"": ""environmental""}, {""description"": ""Improved stormwater management"", ""type"": ""environmental""}, {""description"": ""Increased green space area"", ""type"": ""environmental""}, {""description"": ""Improved access to urban green space"", ""type"": ""social""}, {""description"": ""Improved mental health"", ""type"": ""social""}]",Co-governance with government and non-government actors,https://una.city/nbs/fukuoka/acros-fukuoka-prefectural-international-hall-step-garden,urban,039_ACROS_Fukuoka_Prefectural_International_Hall_Step_Garden.html
Adana Riverside Central Park,"The Adana Central Park stretches along both riverbanks of the Seyhan River. The idea was first introduced by the former mayor of the city, Aytaç Durak, in the late 80s to address the need for accessible green spaces in the developing area. The park is appreciated by visitors for its aesthetically landscaped appearance and the many amenities for children, youth, relaxation and socializing.",completed,"Seyhan, Adana (FUA)",Türkiye,neighborhood,"[""Parks and urban forests"", ""Large urban parks or forests""]","[""Green space, habitats and biodiversity (SDG 15)"", ""Health and well-being (SDG 3)"", ""Social justice, cohesion and equity (SDG 10)""]","[""Creation of opportunities for recreation"", ""Enabling opportunities for physical activity""]","[{""description"": ""Increased green space area"", ""type"": ""environmental""}, {""description"": ""Achieved increased number of species present"", ""type"": ""environmental""}, {""description"": ""Achieved more sustainable tourism"", ""type"": ""economic""}, {""description"": ""Improved access to urban green space"", ""type"": ""social""}, {""description"": ""Increased opportunities for social interaction"", ""type"": ""social""}, {""description"": ""Achieved gain in activities for recreation and exercise"", ""type"": ""social""}, {""description"": ""Achieved enhanced cognitive restoration, relaxation and stress relief"", ""type"": ""social""}, {""description"": ""Expected improvement in people’s connection to nature"", ""type"": ""social""}, {""description"": ""Achieved increased perception of safety"", ""type"": ""social""}]",Local government/municipality,https://una.city/nbs/adana-fua/adana-riverside-central-park,urban,040_Adana_Riverside_Central_Park.html
Adana Urban Park,"The Adana Urban Park was created in 2024, replacing an aged sports stadium. The park, located in a densely populated part of the city, was designed to enable access to a place for socializing and recreation in the city centre. Especially families, youth, and the elderly will benefit from the installed amenities, which include a large public coffeehouse, diverse playgrounds, walking, running and cycling paths, as well as several gardens hosting local vegetation.",completed,"Seyhan, Adana (FUA)",Türkiye,neighborhood,"[""Parks and urban forests"", ""Large urban parks or forests""]","[""Environmental quality"", ""Air quality improvement"", ""Green space creation and/or management"", ""Creation of opportunities for recreation"", ""Enabling opportunities for physical activity"", ""Social interaction""]","[""Improved air quality"", ""Gain in activities for recreation and exercise""]","[{""description"": ""Improved air quality"", ""type"": ""environmental""}, {""description"": ""Increased green space area"", ""type"": ""environmental""}, {""description"": ""Achieved improved access to urban green space"", ""type"": ""social""}, {""description"": ""Expected increased opportunities for social interaction"", ""type"": ""social""}]",Government-led,https://una.city/nbs/adana-fua/adana-urban-park,urban,041_Adana_Urban_Park.html
Adopt a linden tree,"""Adopt a linden tree"" is a project that involved the planting and adoption of linden trees in the city of Iași, spanning from 2019 to 2023 across three editions. The campaign was spearheaded by the National Athenaeum of Iași, in collaboration with the Mihai Eminescu Association from Vienna. This initiative aimed to enhance the city’s aesthetics, promote community engagement, and improve the quality of life in Iași by contributing to cleaner air and a healthier environment.",completed,"Iași, Iaşi (FUA)",Romania,site,"[""Alley or street trees and other street vegetation""]","[""Climate change mitigation"", ""Air quality improvement"", ""Green space creation and/or management"", ""Preservation of historic traditions"", ""Improving physical health"", ""Sense of community and community engagement""]","[""Improved air quality"", ""Improved physical health""]","[{""description"": ""Enhanced carbon sequestration"", ""type"": ""environmental""}, {""description"": ""Improved air quality"", ""type"": ""environmental""}, {""description"": ""Increased green space area"", ""type"": ""environmental""}, {""description"": ""Improved social cohesion"", ""type"": ""social""}, {""description"": ""Increased sense of place identity, memory and belonging"", ""type"": ""social""}]","Led by non-government actors, with participation from the municipality of Iași and various NGOs.",https://una.city/nbs/iasi-fua/adopt-linden-tree,urban,042_Adopt_a_linden_tree.html
Adopt-A-Park,"The Adopt-a-Park project is an urban re-greening and renewal program. The Metro Manila Development Authority (MMDA), working together with the 17 Metro Manila local government units (LGUs), has launched the initiative to address rapid urbanization and urban decay by creating new green areas and renovating existing but underutilized or derelict neighbourhood spaces. The project is part of the 'I ♡ Metro Manila' advocacy program of the MMDA, which was launched to uplift the spirits of the residents recovering from the impact of the COVID-19 pandemic as well as to strengthen initiatives on urban renewal that aims to transform the metropolis to be a more livable, greener, and resilient region.",ongoing,Metro Manila,Philippines,regional,"[""Parks and urban forests"", ""Pocket parks/neighbourhood green spaces""]","[""Climate action for adaptation, resilience and mitigation (SDG 13)"", ""Climate change adaptation"", ""Green space, habitats and biodiversity (SDG 15)"", ""Green space creation and/or management"", ""Regeneration, land-use and urban development"", ""Regulation of built environment"", ""Health and well-being (SDG 3)"", ""Enabling opportunities for physical activity"", ""Improving mental health"", ""Improving physical health"", ""Creation of opportunities for recreation"", ""Inclusive and effective governance (SDG 16)"", ""Inclusive governance""]","[""Improved physical health"", ""Improved mental health"", ""Gain in activities for recreation and exercise""]","[{""description"": ""Green space and habitat"", ""type"": ""environmental""}, {""description"": ""Promotion of naturalistic styles of landscape design for urban development"", ""type"": ""environmental""}, {""description"": ""Increased green space area"", ""type"": ""environmental""}, {""description"": ""Restoration of derelict areas"", ""type"": ""environmental""}, {""description"": ""Social justice and cohesion"", ""type"": ""social""}, {""description"": ""Improved access to urban green space"", ""type"": ""social""}, {""description"": ""Increased visibility and opportunity for marginalised groups or indigenous peoples"", ""type"": ""social""}, {""description"": ""Increased opportunities for social interaction"", ""type"": ""social""}, {""description"": ""Increased involvement of locals in the management of green spaces"", ""type"": ""social""}, {""description"": ""Increased perception of safety"", ""type"": ""social""}]","Government-led, Local government/municipality",https://una.city/nbs/manila/adopt-park,urban,043_Adopt-A-Park.html
Adyváros Lake Rehabilitation and Recreational Area,"The project was part of a series of development projects which addressed the water management issues of the city. The rehabilitation of a lake in the Adyváros neighbourhood included the renewal of the water reservoir, surrounding green areas, footpaths, and vegetation, as well as the installation of a new street light system, benches, trash cans, and unique street installations such as an interactive message board. The interventions transformed the lake and its surroundings into a popular recreational area, frequented by locals.",completed,Győr,Hungary,neighborhood,"[""Grey infrastructure featuring greens"", ""Blue infrastructure"", ""Lakes/ponds"", ""Green areas for water management"", ""Sustainable urban drainage systems""]","[""Water management (SDG 6)"", ""Flood protection"", ""Stormwater and rainfall management and storage"", ""Improvements to water quality"", ""Green space, habitats and biodiversity (SDG 15)"", ""Habitat and biodiversity restoration"", ""Habitat and biodiversity conservation"", ""Health and well-being (SDG 3)"", ""Creation of opportunities for recreation""]","[""Gain in activities for recreation and exercise""]","[{""description"": ""Improved water quality"", ""type"": ""environmental""}, {""description"": ""Increased protection against flooding"", ""type"": ""environmental""}, {""description"": ""Improved stormwater management"", ""type"": ""environmental""}, {""description"": ""Increased conservation or restoration of ecosystems"", ""type"": ""environmental""}, {""description"": ""Reduced biodiversity loss"", ""type"": ""environmental""}, {""description"": ""Increased number of species present"", ""type"": ""environmental""}, {""description"": ""Restoration of derelict areas"", ""type"": ""environmental""}, {""description"": ""Improved liveability"", ""type"": ""social""}]",Local government/municipality,https://una.city/nbs/gyor/adyvaros-lake-rehabilitation-and-recreational-area,urban,044_Adyváros_Lake_Rehabilitation_and_Recreational_Area.html
Afforestation campaign in the North Region of Plovdiv,"An afforestation campaign was launched in 2016 across the whole North Region of Plovdiv, with the aim of making the region a more pleasant and greener place of living with cleaner air. This ongoing campaign has consisted of planting trees, shrubs, and flowers in different places in the region.",ongoing,Plovdiv,Bulgaria,regional,"[""afforestation""]","[""Green space, habitats and biodiversity"", ""Environmental quality"", ""Air quality improvement"", ""Social justice, cohesion and equity"", ""Health and well-being""]","[""Improved air quality"", ""Creation of opportunities for recreation""]","[{""description"": ""Improved air quality"", ""type"": ""environmental""}, {""description"": ""Increased green space area"", ""type"": ""environmental""}, {""description"": ""Improved liveability"", ""type"": ""social""}, {""description"": ""Gain in activities for recreation and exercise"", ""type"": ""social""}]",Local government/municipality,https://una.city/nbs/plovdiv/afforestation-campaign-north-region-plovdiv,urban,045_Afforestation_campaign_in_the_North_Region_of_Plovdiv.html
Afforestation in the City of Aarhus,"The City Council has passed an ambitious woodland plan designed to protect the municipality's groundwater. By planting woods in vulnerable areas where boreholes have been drilled for drinking water, the use of pesticides or other pollutants in the immediate area can be avoided. Aarhus residents will be ensured clean drinking water in 20 years even though the population is rising.",ongoing,Århus,Denmark,regional,"[""Parks and urban forests"", ""Large urban parks or forests""]","[""Climate action for adaptation, resilience and mitigation (SDG 13)"", ""Climate change mitigation"", ""Water management (SDG 6)"", ""Stormwater and rainfall management and storage"", ""Improvements to water quality"", ""Green space, habitats and biodiversity (SDG 15)"", ""Habitat and biodiversity restoration"", ""Green space creation and/or management"", ""Environmental quality"", ""Air quality improvement""]",[],"[{""description"": ""Increased green space area"", ""type"": ""environmental""}, {""description"": ""Increased market share for green economies"", ""type"": ""economic""}, {""description"": ""Increased involvement of locals in the management of green spaces"", ""type"": ""social""}]",Co-governance with government and non-government actors,https://una.city/nbs/arhus/afforestation-city-aarhus,urban,046_Afforestation_in_the_City_of_Aarhus.html
Afforestation of the Mallasa Landfill,"This initiative was launched by the local government of La Paz, focusing on afforestation of the Mallasa landfill, which was closed in 2004. The project aimed to plant 6,000 native tree species to enhance biodiversity regeneration and establish a second urban forest in the city. The afforestation efforts took place between 2021 and 2022, coordinated through 'forestry brigades' made up of diverse volunteer groups.",completed,La Paz,Bolivia,neighborhood,"[""Parks and urban forests"", ""Large urban parks or forests""]","[""Climate change mitigation"", ""Air quality improvement"", ""Soil quality improvement"", ""Waste management"", ""Habitat and biodiversity restoration""]","[""Improved physical health""]","[{""description"": ""Improved air quality"", ""type"": ""environmental""}, {""description"": ""Increased green space area"", ""type"": ""environmental""}, {""description"": ""Improved access to urban green space"", ""type"": ""social""}, {""description"": ""Expected improved physical health"", ""type"": ""social""}]",Local government/municipality,https://una.city/nbs/la-paz-fua/afforestation-mallasa-landfill,urban,047_Afforestation_of_the_Mallasa_Landfill.html
"Afforestation of the yard of hospital ""St. Panteleymon""","The municipal agency Gardens and Parks collaborated with the hospital ""St. Panteleymon"" in Plovdiv in order to restore the condition of their rehabilitation park in the yard. This involved planting 550 trees, cleaning and securing the area, and removing or modifying problematic trees. The park has thus become a more hospitable place for rehabilitation of patients.",ongoing,Plovdiv,Bulgaria,site,"[""Grey infrastructure featuring greens"", ""Institutional green space""]","[""Green space, habitats and biodiversity (SDG 15)"", ""Health and well-being (SDG 3)""]","[""Improving physical health"", ""Creation of opportunities for recreation""]","[{""description"": ""Increased green space area"", ""type"": ""environmental""}, {""description"": ""Restoration of derelict areas"", ""type"": ""environmental""}, {""description"": ""Increased perception of safety"", ""type"": ""social""}, {""description"": ""Improved access to urban green space"", ""type"": ""social""}, {""description"": ""Gain in activities for recreation and exercise"", ""type"": ""social""}]",Co-governance with government and non-government actors,https://una.city/nbs/plovdiv/afforestation-yard-hospital-st-panteleymon,urban,048_Afforestation_of_the_yard_of_hospital_St_Panteleymon.html
Aforestation at the Gullele Botanical Garden,"In 2019 at the Gullele Botanical Garden in Addis Ababa, the Ethiopian government launched a historic tree planting campaign. Over 350 million trees were planted in an ambitious move to counter the effects of deforestation and climate change. The Gullele Botanical Garden was selected as one of the 1000 sites all over the country involved in the Green Legacy Initiative, a national campaign against the effects of climate change.",ongoing,Addis Ababa,Ethiopia,regional,"[""Parks and urban forests"", ""Large urban parks or forests"", ""Botanical gardens""]","[""Climate action for adaptation, resilience and mitigation (SDG 13)"", ""Climate change mitigation"", ""Green space, habitats and biodiversity (SDG 15)"", ""Habitat and biodiversity restoration"", ""Habitat and biodiversity conservation"", ""Green space creation and/or management"", ""Environmental quality"", ""Soil quality improvement"", ""Air quality improvement""]",[],"[{""description"": ""Enhanced carbon sequestration"", ""type"": ""environmental""}, {""description"": ""Increased green space area"", ""type"": ""environmental""}, {""description"": ""Increased conservation or restoration of ecosystems"", ""type"": ""environmental""}, {""description"": ""Increased number of species present"", ""type"": ""environmental""}, {""description"": ""Improved access to urban green space"", ""type"": ""social""}]",Co-governance with government and non-government actors,https://una.city/nbs/addis-ababa/aforestation-gullele-botanical-garden,urban,049_Aforestation_at_the_Gullele_Botanical_Garden.html
Africatown Heritage House Bioswale,"The Africatown Heritage House Bioswale is a gently sloping green space with multiple functions which include catchment of runoff water and filtration of pollution in the runoff water, erosion control, and creation of habitat for biodiversity. It also has an educational purpose for students and the local community and contributes to overall beautification. The project aims to address heavy rainwater management and drainage issues.",completed,"Mobile, AL, Mobile (FUA)",United States,site,"[""Swales and filter strips""]","[""Flood protection"", ""Stormwater and rainfall management and storage"", ""Improvements to water quality""]","[""Environmental education""]","[{""description"": ""Improved water quality"", ""type"": ""environmental""}, {""description"": ""Improved stormwater management"", ""type"": ""environmental""}, {""description"": ""Increased support for education and scientific research"", ""type"": ""social""}, {""description"": ""Expected improved social cohesion"", ""type"": ""social""}]","Led by non-government actors, collaboration between multiple organizations including Birmingham-Southern College’s Environmental Center and Mobile County Commission.",https://una.city/nbs/mobile-fua/africatown-heritage-house-bioswale,urban,050_Africatown_Heritage_House_Bioswale.html
Agoa Sanctuary,"The creation of the AGOA Sanctuary was first envisioned in 2006, officially established in 2010, and continues to evolve as a vital initiative for marine conservation. Located in the waters of the French Antilles, the sanctuary encompasses the entire Exclusive Economic Zone of Martinique, Guadeloupe, Saint-Martin, and Saint-Barthélemy. AGOA was established to ensure a favorable conservation status for marine mammals, aiming to protect both the species and their habitats through a combination of direct and indirect actions.",ongoing,Fort-de-France (FUA),Martinique,regional,"[""blue infrastructure"", ""other""]","[""Coastal resilience and marine protection (SDG 14)"", ""Marine and coastal biodiversity protection"", ""Marine and coastal research and/or education"", ""Environmental quality"", ""Noise reduction"", ""Green space, habitats and biodiversity (SDG 15)"", ""Habitat and biodiversity restoration"", ""Habitat and biodiversity conservation"", ""Social justice, cohesion and equity (SDG 10)"", ""Environmental education""]",[],"[{""description"": ""Reduced biodiversity loss"", ""type"": ""environmental""}, {""description"": ""Increased protection of threatened species"", ""type"": ""environmental""}, {""description"": ""Reduced human-wildlife conflicts"", ""type"": ""environmental""}, {""description"": ""Increased support for education and scientific research"", ""type"": ""social""}, {""description"": ""Increased knowledge of locals about local nature"", ""type"": ""social""}]",Co-governance with government and non-government actors,https://una.city/nbs/fort-de-france-fua/agoa-sanctuary,coastal,051_Agoa_Sanctuary.html
Agora Budapest: the new citycenter,"Agora Budapest is a large scale urban redevelopment project initiated by private investors. Besides implementing five high-quality office buildings, the investors aim at creating green public spaces the size of 7000 square metres in order to provide a healthy and vivid working environment. The green surface involves green roofs, parks and tree lines, all which will be irrigated using collected rainwater. The solar panels on the roofs of the buildings are also part of the sustainability plans of the investors.",ongoing,Budapest,Hungary,neighborhood,"[""green roofs"", ""parks and urban forests"", ""sustainable urban drainage systems""]","[""Green space, habitats and biodiversity"", ""Regeneration, land-use and urban development"", ""Health and well-being"", ""Economic development and employment""]",[],"[{""description"": ""Improved stormwater management"", ""type"": ""environmental""}, {""description"": ""Increased green space area"", ""type"": ""environmental""}, {""description"": ""Increase of green jobs"", ""type"": ""economic""}, {""description"": ""Attraction of business and investment"", ""type"": ""economic""}]",Led by non-government actors,https://una.city/nbs/budapest/agora-budapest-new-citycenter,urban,052_Agora_Budapest_the_new_citycenter.html
Agrarian Park of Baix Llobregat,"The Parc Agrari del Baix Llobregat is located in the floodplains of the delta and lower valley of the river Llobregat, in the Catalan county of Baix Llobregat, in a central position within the metropolitan area of Barcelona. The territory of the park (nearly 3500 hectares), includes a rich traditional agricultural activity and comprises fourteen municipalities totaling about 818,000 residents. It acts as a green lung for the metropolitan area of Barcelona and promotes specific programs to preserve the productive values of the agricultural space.",ongoing,Barcelona,Spain,regional,"[""Community gardens and allotments"", ""Parks and urban forests""]","[""Green space, habitats and biodiversity"", ""Regeneration, land-use and urban development"", ""Cultural heritage and cultural diversity"", ""Health and well-being"", ""Inclusive and effective governance"", ""Social justice, cohesion and equity"", ""Economic development and employment"", ""Sustainable consumption and production""]","[""Improving mental health"", ""Enabling opportunities for physical activity"", ""Creation of opportunities for recreation""]","[{""description"": ""Improved air quality"", ""type"": ""environmental""}, {""description"": ""Increased green space area"", ""type"": ""environmental""}, {""description"": ""Improved physical health"", ""type"": ""social""}, {""description"": ""Improved social cohesion"", ""type"": ""social""}]",Co-governance with government and non-government actors,https://una.city/nbs/barcelona/agrarian-park-baix-llobregat,agricultural,053_Agrarian_Park_of_Baix_Llobregat.html
Agriculture in Capodimonte forest,"The green area which surrounds the famous museum has been renewed in the last years. It is an interesting site of botanic interest, as there are more than 400 species of plants living there, and more than 150.000 trees. In particular, the company Slow Food Campania cultivated a small vegetable garden. Is a project of small-scale agriculture, in order to enhance a variety of cultivation and biodiversity conservation.",ongoing,Naples,Italy,neighborhood,"[""Parks and urban forests"", ""Community gardens""]","[""Green space, habitats and biodiversity (SDG 15)"", ""Sustainable consumption and production (SDG 12)""]",[],"[{""description"": ""Increased green space area"", ""type"": ""environmental""}, {""description"": ""Reduced biodiversity loss"", ""type"": ""environmental""}, {""description"": ""Increased involvement of locals in the management of green spaces"", ""type"": ""social""}, {""description"": ""Increased support for education and scientific research"", ""type"": ""social""}, {""description"": ""Increased knowledge of locals about local nature"", ""type"": ""social""}]",Co-governance with government and non-government actors,https://una.city/nbs/napoli/agriculture-capodimonte-forest,urban,054_Agriculture_in_Capodimonte_forest.html
Agriparc of Mas Nouguier,"The agriparc of the Mas Nouguier is an agricultural reserve entirely maintained by the city of Montpellier. Conducted in organic agriculture, the estate contributes to the preservation of the identity of the territory and to the valorization of the living environment. Accessible to all, it offers a beautiful walk in the middle of the vineyards. Apiaries are used to develop educational workshops and to collect honey with school children.",completed,Montpellier,France,neighborhood,"[""Parks and urban forests"", ""Community gardens and allotments"", ""Horticulture"", ""Blue infrastructure""]","[""Climate change mitigation"", ""Stormwater and rainfall management and storage"", ""Habitat and biodiversity conservation"", ""Soil quality improvement"", ""Social justice and equity"", ""Environmental education"", ""Creation of opportunities for recreation"", ""Economic development: agriculture"", ""Employment/job creation"", ""Preservation of natural heritage"", ""Sustainable consumption"", ""Sustainable production""]","[""Improved physical health"", ""Gain in activities for recreation and exercise""]","[{""description"": ""Reduced emissions"", ""type"": ""environmental""}, {""description"": ""Improved soil quality"", ""type"": ""environmental""}, {""description"": ""Improved stormwater management"", ""type"": ""environmental""}, {""description"": ""Increased number of protection areas"", ""type"": ""environmental""}, {""description"": ""Increased green space area"", ""type"": ""environmental""}, {""description"": ""Increased conservation or restoration of ecosystems"", ""type"": ""environmental""}, {""description"": ""Increased visibility and opportunity for marginalized groups or indigenous peoples"", ""type"": ""social""}, {""description"": ""Increased access to healthy/affordable food"", ""type"": ""social""}, {""description"": ""Increased knowledge of locals about local nature"", ""type"": ""social""}]",Co-governance with government and non-government actors,https://una.city/nbs/montpellier/agriparc-mas-nouguier,urban,055_Agriparc_of_Mas_Nouguier.html
Agro-didactical park Salvatore Buglione,"The didactic park Salvatore Buglione links its agricultural tradition and presence of plants and trees with social and cultural innovation (namely a playground for kids, a didactical botanical garden and an organized reading lab). A specialized lab aims at promoting civic and eco-functions, in line with the overall project of the city of Naples to allocate 2 million euros to regenerate the green areas of the city. The project “Orti Sociali” of the park represents an attempt to reach social inclusion and environmental awareness, underlying the crucial function of public parks in terms of environmental and social services (Ref.1.)",ongoing,Napoli,Italy,site,"[""Parks and urban forests"", ""Pocket parks/neighbourhood green spaces""]","[""Social justice, cohesion and equity (SDG 10)"", ""Environmental education"", ""Social justice and equity"", ""Social cohesion"", ""Social interaction"", ""Sustainable consumption and production (SDG 12)"", ""Sustainable production""]","[""Improved access to urban green space"", ""Increased knowledge of locals about local nature""]","[{""description"": ""Safety"", ""type"": ""social""}, {""description"": ""Decreased crime rates"", ""type"": ""social""}, {""description"": ""Improved social cohesion"", ""type"": ""social""}, {""description"": ""Improved access to urban green space"", ""type"": ""social""}, {""description"": ""Increased knowledge of locals about local nature"", ""type"": ""social""}]",Co-governance with government and non-government actors,https://una.city/nbs/napoli/agro-didactical-park-salvatore-buglione,urban,056_Agro-didactical_park_Salvatore_Buglione.html
Air Pollution Garden,"The Air Pollution Garden (APG) in the UK has been established at Sheffield Botanical Gardens through a collaboration between the three White Rose universities of Leeds, York and Sheffield. Typically an (APG) size is 6x8m and contains plants that are particularly sensitive to damage by pollutants like nitrogen dioxide (NO2) and ozone (O3) present in the air. The project owners hope to raise public awareness of air pollution effects in a tangible manner and change people’s behaviours.",completed,Sheffield,United Kingdom,neighborhood,"[""Parks and urban forests"", ""Botanical gardens"", ""Community gardens and allotments"", ""Community gardens""]","[""Green space, habitats and biodiversity (SDG 15)"", ""Environmental quality"", ""Air quality improvement"", ""Health and well-being (SDG 3)""]","[""Improved air quality"", ""Creation of opportunities for recreation""]","[{""description"": ""Improved air quality"", ""type"": ""environmental""}, {""description"": ""Increased green space area"", ""type"": ""environmental""}, {""description"": ""Improved access to urban green space"", ""type"": ""social""}, {""description"": ""Increased knowledge of locals about local nature"", ""type"": ""social""}]",Co-governance with government and non-government actors,https://una.city/nbs/sheffield/air-pollution-garden,urban,057_Air_Pollution_Garden.html
Air quality project at Hunters Bar Infant School (BREATHE),"This project started as a grassroots movement by Hunter’s Bar Infant School (HBIS) in Sheffield when they were seeking to actively help to protect children from air pollution. HBIS led a fundraising campaign that, in collaboration with the University of Sheffield, provided the base to create a green barrier in their playground. The NBS is part of a bigger study called BREATHE that provides the science behind the project, which involves the design of the green barrier, the assessment of its impacts and a feasibility evaluation for installing green barriers in other schools in Sheffield and in Buenos Aires.",ongoing,Sheffield,United Kingdom,site,"[""green walls or facades""]","[""air quality improvement"", ""environmental quality"", ""health and well-being (SDG 3)""]","[""improved physical health"", ""improved mental health""]","[{""description"": ""Improved air quality"", ""type"": ""environmental""}, {""description"": ""Increased green space area"", ""type"": ""environmental""}, {""description"": ""Increased knowledge of locals about local nature"", ""type"": ""social""}, {""description"": ""Increased awareness of NBS and their benefits"", ""type"": ""social""}]","Led by non-government actors, in partnership with the University of Sheffield.",https://una.city/nbs/sheffield/air-quality-project-hunters-bar-infant-school-breathe,urban,058_Air_quality_project_at_Hunters_Bar_Infant_School_BREATHE.html
Al-Muntazah 2 Neighborhood Tree Planting,"Alexandria is one of the vulnerable cities facing climate change, battling significant challenges such as rising sea levels, pollution, and the urban heat island effect. To address these issues, the president launched the '100 Million Trees Initiative' in 2022, aiming to double the per capita share of green spaces, improve air quality, and reduce greenhouse gases. In 2023, the gardens department planted 812 trees and shrubs in the Al-Muntazah 2 Neighborhood as part of this initiative.",completed,"Al-Muntazah 2 Neighborhood, Alexandria",Egypt,neighborhood,"[""Alley or street trees and other street vegetation"", ""Institutional green space""]","[""Climate change adaptation"", ""Air quality improvement"", ""Green space creation and/or management""]","[""Improved air quality"", ""Improving physical health""]","[{""description"": ""Increased green space area"", ""type"": ""environmental""}, {""description"": ""Improved access to urban green space"", ""type"": ""social""}, {""description"": ""Expected improved physical health"", ""type"": ""unknown""}]","Government-led, National government",https://una.city/nbs/alexandria-fua/al-muntazah-2-neighborhood-tree-planting,urban,059_Al-Muntazah_2_Neighborhood_Tree_Planting.html
Al-Nasr Youth Center Seed Planting,"In Egypt, knowledge about climate change remains limited, particularly among the younger generation. In response to these concerns, Egypt has taken steps to empower its youth to engage meaningfully in international efforts to combat climate change. The EGYouth4Climate Caravan initiative aims to raise awareness among children and young people about climate issues, encourage climate action, and provide a platform for youth to share their opinions and ideas. One of the caravan’s stops was at the Nasr Youth Center in Alexandria, where a seed-planting workshop was held as part of the caravan’s reforestation activities.",completed,Alexandria,Egypt,site,"[""Grey infrastructure featuring greens"", ""Institutional green space""]","[""Green space, habitats and biodiversity (SDG 15)"", ""Social justice, cohesion and equity (SDG 10)""]",[],"[{""description"": ""Increased green space area"", ""type"": ""environmental""}, {""description"": ""Increased opportunities for social interaction"", ""type"": ""social""}, {""description"": ""Increased support for education and scientific research"", ""type"": ""social""}, {""description"": ""Increased knowledge of locals about local nature"", ""type"": ""social""}]",Co-governance with government and non-government actors,https://una.city/nbs/alexandria-fua/al-nasr-youth-center-seed-planting,urban,060_Al-Nasr_Youth_Center_Seed_Planting.html
Al-Samad Preparatory and Secondary Schools Tree Planting,"Alexandria is one of the world’s most climate-vulnerable cities, facing serious environmental challenges that threaten its landscape, culture, and livability. In recognition of these pressing issues, Egypt launched the '100 Million Trees Initiative' in 2022 as part of its Egypt Vision 2030, aiming to increase green space and improve air quality. In 2023, 596 trees were planted in the Al-Muntazah 2 neighborhood, including the Al-Samad Preparatory and Secondary Schools campus, as part of this initiative.",completed,Alexandria,Egypt,site,"[""Green playgrounds and school grounds""]","[""Climate action for adaptation, resilience and mitigation (SDG 13)"", ""Environmental quality"", ""Green space, habitats and biodiversity (SDG 15)"", ""Health and well-being (SDG 3)"", ""Social justice, cohesion and equity (SDG 10)""]","[""Improving physical health""]","[{""description"": ""Lowered local temperature"", ""type"": ""environmental""}, {""description"": ""Improved air quality"", ""type"": ""environmental""}, {""description"": ""Increased green space area"", ""type"": ""environmental""}, {""description"": ""Increased opportunities for social interaction"", ""type"": ""social""}, {""description"": ""Improved physical health"", ""type"": ""social""}]","Government-led, with involvement from national and local government",https://una.city/nbs/alexandria-fua/al-samad-preparatory-and-secondary-schools-tree-planting,urban,061_Al-Samad_Preparatory_and_Secondary_Schools_Tree_Planting.html
Alameda Main Road,"The rehabilitation of the main road Alameda Principal seeks to invert the previous distribution of use of space that saw 70% of it devoted to car usage and 30% to pedestrian use, after the intervention the situation should be 75% civilian and pedestrian space and 25% for cars. More public spaces, green areas, walks, bike lanes and leisure facilities will characterize this action, which also prioritizes highlighting the identity of this area of the city and value its architectural elements, patrimonial, wooded vault and cultural links.",ongoing,Malaga,Spain,neighborhood,"[""Grey infrastructure featuring greens"", ""Alley or street trees and other street vegetation"", ""Green areas for water management"", ""Sustainable urban drainage systems""]","[""Water management (SDG 6)"", ""Stormwater and rainfall management and storage"", ""Green space, habitats and biodiversity (SDG 15)"", ""Green space creation and/or management"", ""Regeneration, land-use and urban development"", ""Regulation of built environment"", ""Inclusive and effective governance (SDG 16)"", ""Inclusive governance"", ""Social justice, cohesion and equity (SDG 10)"", ""Social justice and equity"", ""Social interaction"", ""Health and well-being (SDG 3)"", ""Enabling opportunities for physical activity"", ""Creation of opportunities for recreation"", ""Cultural heritage and cultural diversity"", ""Preservation of natural heritage"", ""Protection of historic and cultural landscape/infrastructure"", ""Preservation of historic traditions""]","[""Improved access to urban green space"", ""Increased opportunities for social interaction"", ""Creation of opportunities for recreation""]","[{""description"": ""Improved stormwater management"", ""type"": ""environmental""}, {""description"": ""Increased green space area"", ""type"": ""environmental""}, {""description"": ""Improved social cohesion"", ""type"": ""social""}, {""description"": ""Increased sense of place identity, memory and belonging"", ""type"": ""social""}]",Local government/municipality,https://una.city/nbs/malaga/alameda-main-road,urban,062_Alameda_Main_Road.html
Alder Hey in the Park,"This is one of the most innovative and environmentally sustainable hospitals in the world, wherein more than 50% of its energy is generated on-site. It is covered with green roofs and has play decks for children. Farm Urban designed and installed three state-of-the-art aquaponic systems on the play decks. The systems enrich both the environment and diet of the children, as the food grown here is used in the ward meals.",completed,Liverpool,United Kingdom,site,"[""green roofs"", ""pocket parks/neighbourhood green spaces"", ""community gardens""]","[""Green space, habitats and biodiversity"", ""Health and well-being"", ""Sustainable consumption and production""]","[""Improving mental health"", ""Improving physical health"", ""Creation of opportunities for recreation""]","[{""description"": ""Increased green space area"", ""type"": ""environmental""}, {""description"": ""Improved access to urban green space"", ""type"": ""social""}, {""description"": ""Increased access to healthy/affordable food"", ""type"": ""social""}, {""description"": ""Improved physical health"", ""type"": ""social""}, {""description"": ""Improved mental health"", ""type"": ""social""}, {""description"": ""Gain in activities for recreation and exercise"", ""type"": ""social""}]",Led by non-government actors,https://una.city/nbs/liverpool/alder-hey-park,urban,063_Alder_Hey_in_the_Park.html
Alexandria Water Company Green Roof Campaign,"The Alexandria Governorate is especially susceptible to the impacts of climate change, a vulnerability exacerbated by its dense coastal communities and rapidly growing population. In response, Ahmed Gaber, chairman of the Alexandria Water Company, initiated a public awareness campaign in 2023 focused on the numerous benefits of planting green roofs. This initiative marks a pioneering step among governmental organizations in the region, as they lead efforts to address climate and environmental challenges actively.",ongoing,Alexandria,Egypt,site,"[""green roofs""]","[""climate change adaptation"", ""air quality improvement"", ""urban flooding"", ""heat stress & extreme temperatures""]","[""improved air quality""]","[{""description"": ""Expected energy efficiency improvements"", ""type"": ""environmental""}, {""description"": ""Expected improved air quality"", ""type"": ""environmental""}, {""description"": ""Expected increased protection against flooding"", ""type"": ""environmental""}, {""description"": ""Expected improved stormwater management"", ""type"": ""environmental""}, {""description"": ""Expected increased green space area"", ""type"": ""environmental""}, {""description"": ""Achieved increased support for education and scientific research"", ""type"": ""social""}, {""description"": ""Expected increased awareness of NBS and their benefits"", ""type"": ""social""}]",Co-governance with government and non-government actors,https://una.city/nbs/alexandria-fua/alexandria-water-company-green-roof-campaign,urban,064_Alexandria_Water_Company_Green_Roof_Campaign.html
Alicante coastal corridor,"The initiative is comprised of a project to recover the coastal line of Alicante, from El Campello to Elx (approx. 21 km long). The Municipality called an ideas' competition with the aim of developing a sustainable coastal corridor project that includes an intervention on the entire Alicante coastline and generates a continuous itinerary integrated into the landscape with new places of opportunity for the residents of the city. The winning project of the competition bears the slogan 'My connected archipelago' and is the work of the Grupo Aranea and Subarquitectura studios from Alicante.",in-progress,Alicante,Spain,regional,"[""Parks and urban forests"", ""Green corridors and green belts"", ""Blue infrastructure"", ""Coastlines""]","[""Water management (SDG 6)"", ""Flood protection"", ""Coastal resilience and marine protection (SDG 14)"", ""Coastal protection / hazard mitigation"", ""Green space, habitats and biodiversity (SDG 15)"", ""Regeneration, land-use and urban development"", ""Health and well-being (SDG 3)"", ""Economic development and employment (SDG 8)"", ""Cultural heritage and cultural diversity""]","[""Improved physical health"", ""Improved mental health"", ""Gain in activities for recreation and exercise""]","[{""description"": ""Reduced emissions"", ""type"": ""environmental""}, {""description"": ""Increased protection against flooding"", ""type"": ""environmental""}, {""description"": ""Enhanced protection and restoration of coastal and marine ecosystems"", ""type"": ""environmental""}, {""description"": ""More sustainable tourism"", ""type"": ""economic""}, {""description"": ""Improved social cohesion"", ""type"": ""social""}, {""description"": ""Improved access to urban green space"", ""type"": ""social""}]",Government-led,https://una.city/nbs/alicantealacant/alicante-coastal-corridor,coastal,065_Alicante_coastal_corridor.html
All Shaheed Park,"Al Shaheed Park is the largest park in the country. The park was designed to include besides its green spaces, several buildings (museums, parking) populated with green roofs and an artificial lake. The park is viewed as an encompassing part of a green belt that surrounds the city of Kuwait, built to protect the city from sandstorms and to reduce air pollution.",ongoing,Kuwait City,Kuwait,neighborhood,"[""Blue infrastructure"", ""Lakes/ponds"", ""Nature on buildings (external)"", ""Green roofs"", ""Green walls or facades"", ""Parks and urban forests"", ""Large urban parks or forests""]","[""Climate action for adaptation, resilience and mitigation (SDG 13)"", ""Climate change adaptation"", ""Environmental quality"", ""Air quality improvement"", ""Green space, habitats and biodiversity (SDG 15)"", ""Habitat and biodiversity conservation"", ""Green space creation and/or management"", ""Cultural heritage and cultural diversity"", ""Preservation of natural heritage"", ""Social justice, cohesion and equity (SDG 10)"", ""Environmental education""]",[],"[{""description"": ""Improved water quality"", ""type"": ""environmental""}, {""description"": ""Reduced risk of damages by drought"", ""type"": ""environmental""}, {""description"": ""Increased green space area"", ""type"": ""environmental""}, {""description"": ""Reduced biodiversity loss"", ""type"": ""environmental""}, {""description"": ""Increased number of species present"", ""type"": ""environmental""}, {""description"": ""Attraction of business and investment"", ""type"": ""economic""}, {""description"": ""Protection of natural heritage"", ""type"": ""social""}, {""description"": ""Increased sense of place identity, memory and belonging"", ""type"": ""social""}, {""description"": ""Increased knowledge of locals about local nature"", ""type"": ""social""}, {""description"": ""Increased awareness of NBS and their benefits"", ""type"": ""social""}]",Co-governance with government and non-government actors,https://una.city/nbs/kuwait-city/all-shaheed-park,urban,066_All_Shaheed_Park.html
Allotment Gardens in Hannover,"Allotment gardens have a long tradition in Hannover, with approximately 20.000 gardens stretching around the city as a green belt. In the last decades, some gardens were threatened by disappearance due to investment interests. With the goal to protect these gardens, the city employed a so-called 'Kleingartenkonzept' (allotment concept) in 2016 with the help of the association of allotment gardens. The concept aims to keep the number of existing gardens for social and ecological considerations while allowing for new residential investments which is vital for the growing city.",ongoing,Hannover,Germany,regional,"[""Community gardens and allotments"", ""Allotments""]","[""Green space, habitats and biodiversity"", ""Environmental quality"", ""Regeneration, land-use and urban development"", ""Social justice, cohesion and equity"", ""Health and well-being"", ""Sustainable consumption and production""]","[""Creation of opportunities for recreation""]","[{""description"": ""Improved air quality"", ""type"": ""environmental""}, {""description"": ""Improved soil quality"", ""type"": ""environmental""}, {""description"": ""Increased green space area"", ""type"": ""environmental""}, {""description"": ""Improved social cohesion"", ""type"": ""social""}, {""description"": ""Increased access to urban green space"", ""type"": ""social""}, {""description"": ""Increased access to healthy/affordable food"", ""type"": ""social""}]",Co-governance with government and non-government actors,https://una.city/nbs/hannover/allotment-gardens-hannover,urban,067_Allotment_Gardens_in_Hannover.html
Alna Environmental Park,Oslo municipality is underway with the large-scale project of opening up rivers that previously were running in underground pipes. Alna Environmental Park is a part of this project and includes major transformation and environmental upgrade of the river Alna. The Environmental Park runs along the river and has transformed grey structures to accessible parks and recreation areas and now acts as an important resource for Oslo's citizens.,ongoing,Oslo,Norway,regional,"[""Grey infrastructure featuring greens"", ""Blue infrastructure"", ""Riverbank/Lakeside greens"", ""Parks and urban forests"", ""Large urban parks or forests"", ""Pocket parks/neighbourhood green spaces"", ""Green corridors and green belts"", ""Rivers/streams/canals/estuaries""]","[""Climate action for adaptation, resilience and mitigation (SDG 13)"", ""Water management (SDG 6)"", ""Flood protection"", ""Stormwater and rainfall management and storage"", ""Improvements to water quality"", ""Green space, habitats and biodiversity (SDG 15)"", ""Habitat and biodiversity restoration"", ""Green space creation and/or management"", ""Regeneration, land-use and urban development"", ""Health and well-being (SDG 3)"", ""Cultural heritage and cultural diversity""]","[""Creation of opportunities for recreation""]","[{""description"": ""Strengthened capacity to address climate hazards/natural disasters"", ""type"": ""environmental""}, {""description"": ""Improved water quality"", ""type"": ""environmental""}, {""description"": ""Increased protection against flooding"", ""type"": ""environmental""}, {""description"": ""Improved stormwater management"", ""type"": ""environmental""}, {""description"": ""Enhanced protection and restoration of freshwater ecosystems"", ""type"": ""environmental""}, {""description"": ""Promotion of naturalistic styles of landscape design for urban development"", ""type"": ""environmental""}, {""description"": ""Increased green space area"", ""type"": ""environmental""}, {""description"": ""Increased conservation or restoration of ecosystems"", ""type"": ""environmental""}, {""description"": ""Gain in activities for recreation and exercise"", ""type"": ""social""}, {""description"": ""Protection of historic and cultural landscape / infrastructure"", ""type"": ""social""}]",Co-governance with government and non-government actors,https://una.city/nbs/oslo/alna-environmental-park,urban,068_Alna_Environmental_Park.html
Ameixoeira Valley Urban Park,"The Vale da Ameixoeira Urban Park is a key part of Lisbon's Peripheral Green Corridor, covering 20 hectares and aiming to enhance the city's ecological and social resilience. It includes pedestrian and cycling paths, rest areas, picnic spots, skate parks, and playgrounds, enabling recreational activities while providing scenic views. The park has undergone several requalification initiatives, including the tree planting project in 2018, which saw the community and municipal bodies plant over 130 native trees and shrubs, promoting biodiversity and environmental sustainability.",completed,"Olival Basto, Lisboa (FUA)",Portugal,neighborhood,"[""Community gardens and allotments"", ""Parks and urban forests""]","[""Climate change adaptation"", ""Air quality improvement"", ""Green space creation and/or management"", ""Habitat and biodiversity restoration"", ""Creation of opportunities for recreation"", ""Environmental and climate justice"", ""Sense of community and community engagement""]","[""Gain in activities for recreation and exercise"", ""Improvement in people’s connection to nature""]","[{""description"": ""Lowered local temperature"", ""type"": ""environmental""}, {""description"": ""Reduced risk of damages by drought"", ""type"": ""environmental""}, {""description"": ""Reduced biodiversity loss"", ""type"": ""environmental""}, {""description"": ""Increased number of species present"", ""type"": ""environmental""}]","Government-led, primarily by GEBALIS and the Lisbon City Council",https://una.city/nbs/lisboa-fua/ameixoeira-valley-urban-park,urban,069_Ameixoeira_Valley_Urban_Park.html
Angkor Botanical Garden,"Angkor Botanical Garden is Cambodia's first botanical garden, located in the city of Siem Reap. It is a popular tourist attraction for visitors from around the world who visit the famous Angkor Wat Buddhist temple. The garden was developed by APSARA National Authority with multiple benefits, including preventing forest land encroachment, conservation of natural resources, development of tourism, conservation of the Angkor archaeological site, environmental education, and preservation of rare and endemic plants.",completed,Siem Reap,Cambodia,neighborhood,"[""Botanical gardens"", ""Large urban parks or forests"", ""Lakes/ponds"", ""Blue infrastructure"", ""Parks and urban forests""]","[""Green space, habitats and biodiversity (SDG 15)"", ""Cultural heritage and cultural diversity"", ""Health and well-being (SDG 3)"", ""Social justice, cohesion and equity (SDG 10)"", ""Economic development and employment (SDG 8)""]","[""Creation of opportunities for recreation""]","[{""description"": ""Increased green space area"", ""type"": ""environmental""}, {""description"": ""More sustainable tourism"", ""type"": ""economic""}, {""description"": ""Improved access to urban green space"", ""type"": ""social""}, {""description"": ""Increased knowledge of locals about local nature"", ""type"": ""social""}]",Government-led,https://una.city/nbs/siem-reap/angkor-botanical-garden,urban,070_Angkor_Botanical_Garden.html
Anglers Country Park,"""Anglers Country Park (and a local nature reserve) is dominated by a lake, surrounded by grassland, woodland and a wetland area."" ""This originally farmed landscape was dramatically changed when it became one of the deepest opencast mines in Europe, reaching a depth of 250 feet."" Restoration work began after the mine closed, creating the country park.",completed,Wakefield,United Kingdom,neighborhood,"[""blue infrastructure"", ""lakes/ponds"", ""in-land wetlands, peatlands, swamps, and moors"", ""parks and urban forests"", ""large urban parks or forests""]","[""green space, habitats and biodiversity (SDG 15)"", ""water management (SDG 6)"", ""health and well-being (SDG 3)""]","[""enabling opportunities for physical activity"", ""improving physical health"", ""creation of opportunities for recreation""]","[{""description"": ""Increased green space area"", ""type"": ""environmental""}, {""description"": ""Increased conservation or restoration of ecosystems"", ""type"": ""environmental""}, {""description"": ""Increased ecological connectivity across regeneration sites and scales"", ""type"": ""environmental""}, {""description"": ""Increased number of species present"", ""type"": ""environmental""}, {""description"": ""Increased protection of threatened species"", ""type"": ""environmental""}, {""description"": ""Restoration of derelict areas"", ""type"": ""environmental""}, {""description"": ""Improved mental health"", ""type"": ""social""}, {""description"": ""Improved physical health"", ""type"": ""social""}, {""description"": ""Gain in activities for recreation and exercise"", ""type"": ""social""}, {""description"": ""Increased knowledge of locals about local nature"", ""type"": ""social""}]",Local government/municipality,https://una.city/nbs/wakefield/anglers-country-park,unknown,071_Anglers_Country_Park.html
Anita Berber park,"The new 6.5-hectare Anita Berber Park has been created on the site of the former St Thomas cemetery, between Tempelhofer Feld and Hermannstraße. It increases the quality of local recreation in the densely populated district of Neukölln and aims to achieve high species diversity while preserving valuable trees and shrubs. The park features multiple spots for rest and play, as well as a zone for free running dogs.",completed,"Berlin, Berlin (FUA)",Germany,neighborhood,"[""Parks and urban forests"", ""Large urban parks or forests""]","[""Green space, habitats and biodiversity (SDG 15)"", ""Health and well-being (SDG 3)"", ""Social justice, cohesion and equity (SDG 10)""]","[""Creation of opportunities for recreation""]","[{""description"": ""Increased green space area"", ""type"": ""environmental""}, {""description"": ""Improved access to urban green space"", ""type"": ""social""}, {""description"": ""Gain in activities for recreation and exercise"", ""type"": ""unknown""}]",Co-governance with government and non-government actors,https://una.city/nbs/berlin-fua/anita-berber-park,urban,072_Anita_Berber_park.html
"Annalinde community garden, nursery and fruit orchard","The ANNALINDE gGmbH operates multifunctional urban agriculture and demonstration projects in the Western part of Leipzig: a community garden, a nursery and a fruit garden on a former train station where the emphasis is on community development and mutual learning processes in addition to food production. This is safeguarded by an events portfolio consisting of garden working days, workshops and collaborations with schools, kindergartens and like-minded organizations.",completed,Leipzig,Germany,neighborhood,"[""Community gardens and allotments"", ""Community gardens""]","[""Green space, habitats and biodiversity (SDG 15)"", ""Social justice, cohesion and equity (SDG 10)"", ""Economic development and employment (SDG 8)"", ""Cultural heritage and cultural diversity"", ""Sustainable consumption and production (SDG 12)""]","[""Increased access to healthy/affordable food""]","[{""description"": ""Improved soil quality"", ""type"": ""environmental""}, {""description"": ""Increased green space area"", ""type"": ""environmental""}, {""description"": ""Increased conservation or restoration of ecosystems"", ""type"": ""environmental""}, {""description"": ""Increased number of species present"", ""type"": ""environmental""}, {""description"": ""Increased access to healthy/affordable food"", ""type"": ""social""}, {""description"": ""Increased awareness of NBS and their benefits"", ""type"": ""social""}]",Led by non-government actors,https://una.city/nbs/leipzig/annalinde-community-garden-nursery-and-fruit-orchard,urban,073_Annalinde_community_garden_nursery_and_fruit_orchard.html
Anti-smog Educational Garden in Kraków,"The initiative created the first in the city anti-smog garden around a local school. The garden serves multiple purposes as it will include: a greenhouse and a composter, the air-pollution absorbing plants that will attract birds and insects and protect the school from urban dust and noise, a vegetable garden, houses for hedgehogs, birds and butterflies, a 'sensory' path for medicinal gymnastics, a roofed gazebo, a meteorological station and a book exchange booth. It is open to other schools and kindergartens and the general public during the school working hours - for educational purposes and recreation.",ongoing,Kraków,Poland,site,"[""Community gardens"", ""Community gardens and allotments"", ""Institutional green space"", ""Grey infrastructure featuring greens""]","[""Air quality improvement"", ""Noise reduction"", ""Environmental quality"", ""Green space creation and/or management"", ""Habitat and biodiversity conservation"", ""Environmental education""]","[""Creation of opportunities for recreation""]","[{""description"": ""Improved air quality"", ""type"": ""environmental""}, {""description"": ""Improved waste management"", ""type"": ""environmental""}, {""description"": ""Reduced noise exposure"", ""type"": ""environmental""}, {""description"": ""Increased involvement of locals in the management of green spaces"", ""type"": ""social""}, {""description"": ""Gain in activities for recreation and exercise"", ""type"": ""social""}, {""description"": ""Increased knowledge of locals about local nature"", ""type"": ""social""}, {""description"": ""Increased awareness of NBS and their benefits"", ""type"": ""social""}, {""description"": ""Reduce financial cost for urban management"", ""type"": ""economic""}]",Led by non-government actors,https://una.city/nbs/krakow/anti-smog-educational-garden-krakow,urban,074_Anti-smog_Educational_Garden_in_Kraków.html
APEC Sculpture Park,"APEC Park is located on the banks of the Han River, in Binh Hien Ward, Hai Chau District, Da Nang City. At first in 2017, the APEC Park was constructed as a cultural work preserving the unique cultural features of 21 economies of the Asia-Pacific Economic Cooperation. In 2020, The Danang local government decided to expand the park as an effort of the city to increase trees and green space in public parks and residential areas to achieve the “green and smart city” goal by 2030.",completed,Da Nang City,Vietnam,neighborhood,"[""Parks and urban forests"", ""Pocket parks/neighbourhood green spaces"", ""Lakes/ponds""]","[""Green space, habitats and biodiversity (SDG 15)"", ""Health and well-being (SDG 3)"", ""Economic development and employment (SDG 8)""]",[],"[{""description"": ""Increased green space area"", ""type"": ""environmental""}]",Local government/municipality,https://una.city/nbs/danang/apec-sculpture-park,urban,075_APEC_Sculpture_Park.html
Appletree Allotment and Community Garden,"Appletree is an outdoor community resource, where people of all ages and from all walks of life, get together to grow e.g. fruit, and contribute to developing and maintaining the area. The growing space and garden are divided into different areas, offering a range of gardening experience. The community also contributes to their permaculture, wildlife and wildflower areas. The community is constantly planting and regenerating areas of the garden.",ongoing,Wakefield,United Kingdom,site,"[""community gardens and allotments"", ""allotments"", ""community gardens""]","[""Green space, habitats and biodiversity (SDG 15)"", ""Social justice, cohesion and equity (SDG 10)"", ""Health and well-being (SDG 3)"", ""Cultural heritage and cultural diversity"", ""Sustainable consumption and production (SDG 12)""]","[""Enabling opportunities for physical activity"", ""Improving physical health"", ""Creation of opportunities for recreation""]","[{""description"": ""Increased green space area"", ""type"": ""environmental""}, {""description"": ""Improved physical health"", ""type"": ""social""}, {""description"": ""Improved mental health"", ""type"": ""social""}, {""description"": ""Improved social cohesion"", ""type"": ""social""}, {""description"": ""Increased access to healthy/affordable food"", ""type"": ""social""}]",Co-governance with government and non-government actors,https://una.city/nbs/wakefield/appletree-allotment-and-community-garden,urban,076_Appletree_Allotment_and_Community_Garden.html
Arcadia Nursery garden and building,"The Arcadia nursery is a new building located at the King’s Buildings Campus, Edinburgh and owned by the University of Edinburgh. The current intervention is about promoting ideas of free play and having elements of forest schools and natural play within the garden. As outdoor spaces associated with pre-schools is critical to the health and well being of children, this project is one of the very important initiatives in the city. It mixes indoor and outdoor play areas, and children can move between the eco-friendly building and a specially landscaped garden.",completed,Edinburgh,United Kingdom,site,"[""Green playgrounds and school grounds"", ""Community gardens and allotments"", ""Parks and urban forests""]","[""Green space, habitats and biodiversity"", ""Social justice, cohesion and equity"", ""Health and well-being"", ""Sustainable consumption and production""]","[""Improving physical health"", ""Enabling opportunities for physical activity""]","[{""description"": ""Increased green space area"", ""type"": ""environmental""}, {""description"": ""Improved access to urban green space"", ""type"": ""social""}, {""description"": ""Gain in activities for recreation and exercise"", ""type"": ""social""}, {""description"": ""Improvement in people’s connection to nature"", ""type"": ""social""}]",Led by non-government actors; main Client was the University of Edinburgh,https://una.city/nbs/edinburgh/arcadia-nursery-garden-and-building,urban,077_Arcadia_Nursery_garden_and_building.html
Archa House of Seniors Vegetative Roof,This NBS site is part of the Bratislava Zelenaj Project. This particular NBS involves the creation of vegetation on buildings as a means to mitigate the effects of climate change in cities due to urban overheating caused by global warming. It targets the residents of the Archa House of Seniors (Domove seniorov Archa) in Bratislava as part of the citywide project “Bratislava is preparing for climate change” with the aim of protecting and promoting the welfare of the city’s vulnerable citizens from climate change effects. The roof's main function is buffering the discharge of excess rainwater.,completed,Bratislava,Slovakia,site,"[""green roofs"", ""sustainable urban drainage systems""]","[""climate change adaptation"", ""stormwater and rainfall management and storage"", ""air quality improvement"", ""noise reduction"", ""improving mental health"", ""improving physical health""]","[""improved air quality"", ""improved mental health"", ""improved physical health""]","[{""description"": ""Lowered local temperature"", ""type"": ""environmental""}, {""description"": ""Reduced noise exposure"", ""type"": ""environmental""}, {""description"": ""Improved stormwater management"", ""type"": ""environmental""}, {""description"": ""Increased green space area"", ""type"": ""environmental""}, {""description"": ""Improved liveability"", ""type"": ""social""}, {""description"": ""Improved access to urban green space"", ""type"": ""social""}, {""description"": ""Reduced financial cost for urban management"", ""type"": ""economic""}]",Co-governance with government and non-government actors,https://una.city/nbs/bratislava/archa-house-seniors-vegetative-roof,urban,078_Archa_House_of_Seniors_Vegetative_Roof.html
Archipelagos Square,"The project to redevelop Archipelagos Square in Cagliari aims to transform this key urban space, which serves as a gateway between the city and its coastal areas, into a more functional and aesthetically pleasing environment. Currently, the area lacks cohesive design, leading to unregulated use and its transformation into an informal parking lot. The redevelopment will address these issues by enhancing the pedestrian experience and reducing vehicular traffic.",ongoing,Cagliari,Italy,site,"[""Grey infrastructure featuring greens"", ""Alley or street trees and other street vegetation"", ""Parks and urban forests"", ""Green corridors and green belts""]","[""Coastal resilience and marine protection (SDG 14)"", ""Environmental quality"", ""Green space, habitats and biodiversity (SDG 15)"", ""Water management (SDG 6)"", ""Social justice, cohesion and equity (SDG 10)""]","[""Gain in activities for recreation and exercise""]","[{""description"": ""Improved soil quality"", ""type"": ""environmental""}, {""description"": ""Increased protection against flooding"", ""type"": ""environmental""}, {""description"": ""Increased visibility and opportunity for marginalised groups or indigenous peoples"", ""type"": ""social""}]",Co-governance with government and non-government actors,https://una.city/nbs/cagliari-fua/archipelagos-square,urban,079_Archipelagos_Square.html
Arcosur Neighborhood Development,"Arcosur is a new residential neighbourhood project approved for construction in 2008 after the hosting of the Zaragoza Expo 2008. In its structure, it seeks to develop a space of 4 500 000 m2 into around 21 000 new homes, and out of which around 1 500 000 m2 will be squares, parks, and other green spaces. These green spaces would connect the neighbourhood and ensure all residents have access to green areas.",ongoing,Zaragoza,Spain,neighborhood,"[""Parks and urban forests"", ""Large urban parks or forests"", ""Pocket parks/neighbourhood green spaces"", ""Community gardens and allotments"", ""Blue infrastructure"", ""Lakes/ponds""]","[""Green space, habitats and biodiversity (SDG 15)"", ""Regeneration, land-use and urban development"", ""Health and well-being (SDG 3)"", ""Economic development and employment (SDG 8)""]","[""Creation of opportunities for recreation""]","[{""description"": ""Increased green space area"", ""type"": ""environmental""}, {""description"": ""Increase of green jobs (e.g. paid employment positions)"", ""type"": ""economic""}, {""description"": ""Improved access to urban green space"", ""type"": ""social""}, {""description"": ""Gain in activities for recreation and exercise"", ""type"": ""social""}]",Co-governance with government and non-government actors,https://una.city/nbs/zaragoza/arcosur-neighborhood-development,urban,080_Arcosur_Neighborhood_Development.html
Arkada Park,A green roof of the total area of 362 m2 was established in a modernized historic neighbourhood in the centre of Bydgoszcz. The rooftop serves aesthetic and recreational purposes for the residents and visitors. Selected plants retain as much as 40-99% of rainwater and absorb air pollution.,completed,Bydgoszcz,Poland,site,"[""green roofs""]","[""Water management (SDG 6)"", ""Green space, habitats and biodiversity (SDG 15)"", ""Environmental quality"", ""Health and well-being (SDG 3)""]","[""Creation of opportunities for recreation""]","[{""description"": ""Improved air quality"", ""type"": ""environmental""}, {""description"": ""Improved stormwater management"", ""type"": ""environmental""}, {""description"": ""Increased property prices"", ""type"": ""economic""}, {""description"": ""Attraction of business and investment"", ""type"": ""economic""}, {""description"": ""Gain in activities for recreation and exercise"", ""type"": ""social""}, {""description"": ""Improvement in people’s connection to nature"", ""type"": ""social""}]",Led by non-government actors,https://una.city/nbs/bydgoszcz/arkada-park,urban,081_Arkada_Park.html
Arkwright Meadows Community Gardens,"Arkwright Meadows Community (AMC) Garden is situated in the heart of inner city Nottingham. In 2001, a group of Meadows residents came together to improve a disused, derelict piece of land and work started to create the infrastructure of the community garden. The area was transformed into a green oasis and outdoor learning environment.",ongoing,Nottingham,United Kingdom,site,"[""community gardens and allotments"", ""community gardens"", ""horticulture"", ""blue infrastructure"", ""lakes/ponds""]","[""green space, habitats and biodiversity"", ""regeneration, land-use and urban development"", ""social justice, cohesion and equity"", ""health and well-being"", ""sustainable consumption and production""]","[""enabling opportunities for physical activity"", ""creation of opportunities for recreation""]","[{""description"": ""Increased green space area"", ""type"": ""environmental""}, {""description"": ""Increased conversion of degraded land or soil"", ""type"": ""environmental""}, {""description"": ""Restoration of derelict areas"", ""type"": ""environmental""}, {""description"": ""Increase in agricultural production"", ""type"": ""economic""}, {""description"": ""Improved social cohesion"", ""type"": ""social""}, {""description"": ""Increased access to urban green space"", ""type"": ""social""}, {""description"": ""Increased access to healthy/affordable food"", ""type"": ""social""}, {""description"": ""Gain in activities for recreation and exercise"", ""type"": ""social""}]","Led by non-government actors, including non-government organisations and community groups.",https://una.city/nbs/greater-nottingham/arkwright-meadows-community-gardens,urban,082_Arkwright_Meadows_Community_Gardens.html
Armenia's Tree Project,"The Armenia Tree Project is a national initiative founded in 1994. The project engages in involving different community members in an urban planting program, environmental education and outreach. ATP has targeted the most vulnerable communities with the most need for greenery. The focus and attention that is given to these areas help trees to grow and flourish but also creates a stronger bond between the inhabitants and the land they live on.",ongoing,Yerevan,Armenia,city,"[""Parks and urban forests"", ""Alley or street trees and other street vegetation"", ""Green playgrounds and school grounds"", ""Pocket parks/neighbourhood green spaces"", ""Grey infrastructure featuring greens""]","[""Climate change adaptation"", ""Climate change mitigation"", ""Air quality improvement"", ""Flood protection"", ""Green space creation and/or management"", ""Habitat and biodiversity conservation"", ""Social interaction"", ""Environmental education""]","[""Improved air quality"", ""Heat stress reduction""]","[{""description"": ""Enhanced carbon sequestration"", ""type"": ""environmental""}, {""description"": ""Improved soil quality"", ""type"": ""environmental""}, {""description"": ""Increased green space area"", ""type"": ""environmental""}, {""description"": ""Increased number of species present"", ""type"": ""environmental""}, {""description"": ""Increased support for education and scientific research"", ""type"": ""social""}, {""description"": ""Increased awareness of NBS and their benefits"", ""type"": ""social""}, {""description"": ""Increase of green jobs (e.g. paid employment positions)"", ""type"": ""economic""}]",Led by non-government actors,https://una.city/nbs/yerevan/armenias-tree-project,urban,083_Armenias_Tree_Project.html
Arrenberg climate district: Arrenbergfarm,"Based on an urban regeneration project in the city district of Arrenberg, an association called “Awakening of the Arrenberg” formed in 2008, consisting of citizens, entrepreneurs and real estate owners seeking to transform their district. Under the umbrella of the project “climate quarter Arrenberg” initiated in 2014, whose goal is to make the district CO2 neutral by 2030, the development of a city farm covering 60,000 sqm on former railway premises - a Europe-wide unique project in urban farming – is one of their most important plans that make up their vision of becoming carbon neutral.",in-progress,Wuppertal,Germany,neighborhood,"[""community gardens and allotments"", ""grey infrastructure featuring greens""]","[""Green space, habitats and biodiversity"", ""Regeneration, land-use and urban development"", ""Economic development and employment"", ""Sustainable consumption and production""]","[""improved physical health""]","[{""description"": ""Reduced emissions"", ""type"": ""environmental""}, {""description"": ""Improved waste management"", ""type"": ""environmental""}, {""description"": ""Increased access to healthy/affordable food"", ""type"": ""social""}, {""description"": ""Increased sustainability of agriculture practices"", ""type"": ""social""}]",Co-governance with government and non-government actors,https://una.city/nbs/wuppertal/arrenberg-climate-district-arrenbergfarm,urban,084_Arrenberg_climate_district_Arrenbergfarm.html
Artemis Lagoon,"The lagoon has a great local significance for its biodiversity with the presence of certain species of rare birds regularly stationed in this area. Much of the biotope was degraded in the last decade by systematic embankments, constructions, as well as the inconvenience caused by various man-made pressures. A project was developed to reconstruct the area within the framework of a collaboration of the Institute of Marine Biological Resources, Inland Waters of HCMR, and Hellenic Ornology Company.",ongoing,Athens,Greece,neighborhood,"[""blue infrastructure"", ""lakes/ponds"", ""coastal wetland, mangroves and salt marshes""]","[""climate action for adaptation, resilience and mitigation (SDG 13)"", ""coastal resilience and marine protection (SDG 14)"", ""green space, habitats and biodiversity (SDG 15)"", ""regeneration, land-use and urban development"", ""inclusive and effective governance (SDG 16)"", ""health and well-being (SDG 3)"", ""economic development and employment (SDG 8)"", ""cultural heritage and cultural diversity""]","[""creation of opportunities for recreation""]","[{""description"": ""Lowered local temperature"", ""type"": ""environmental""}, {""description"": ""Enhanced carbon sequestration"", ""type"": ""environmental""}, {""description"": ""Improved soil quality"", ""type"": ""environmental""}, {""description"": ""Improved water quality"", ""type"": ""environmental""}, {""description"": ""Increased number of protection areas"", ""type"": ""environmental""}, {""description"": ""More sustainable tourism"", ""type"": ""economic""}, {""description"": ""Gain in activities for recreation and exercise"", ""type"": ""social""}, {""description"": ""Improvement in people’s connection to nature"", ""type"": ""social""}]",Government-led,https://una.city/nbs/athens/artemis-lagoon,unknown,085_Artemis_Lagoon.html
Asomadilla Park,The park was designed to simulate a Mediterranean forest with 18 native species of Mediterranean flora. The water is being reused in order to avoid the depletion of aquifers. Ecological vegetable gardens were created destined to community horticulture workshops organized by the city council. The park was awarded a special prize in environmental Justice in 2010 by the Biodiversity Foundation as a project that promotes environmental protection and social integration in the city.,completed,Córdoba,Spain,neighborhood,"[""Parks and urban forests"", ""Large urban parks or forests"", ""Community gardens and allotments"", ""Community gardens""]","[""Green space, habitats and biodiversity (SDG 15)"", ""Social justice, cohesion and equity (SDG 10)"", ""Health and well-being (SDG 3)"", ""Cultural heritage and cultural diversity"", ""Sustainable consumption and production (SDG 12)""]","[""Enabling opportunities for physical activity"", ""Creation of opportunities for recreation""]","[{""description"": ""Improved water quality"", ""type"": ""environmental""}, {""description"": ""Increased green space area"", ""type"": ""environmental""}, {""description"": ""Improved social cohesion"", ""type"": ""social""}, {""description"": ""Increased opportunities for social interaction"", ""type"": ""social""}, {""description"": ""Gain in activities for recreation and exercise"", ""type"": ""social""}, {""description"": ""Increased knowledge of locals about local nature"", ""type"": ""social""}, {""description"": ""Increased awareness of NBS and their benefits"", ""type"": ""social""}]",Co-governance with government and non-government actors,https://una.city/nbs/cordoba/asomadilla-park,urban,086_Asomadilla_Park.html
Assemini Waterways Restoration for Flood Resilience,"Assemini, a municipality in Cagliari, has long grappled with hydrogeological instability, marked by major floods in 1999 and 2002. To mitigate future risks, the municipality launched a series of interventions focused on improving the hydraulic management of its waterways. These projects are part of a broader strategy to address recurring flood hazards exacerbated by the effects of rapid urbanization in the 1970s, which disrupted the natural water drainage systems.",completed,Assemini,Italy,regional,"[""blue infrastructure"", ""rivers/streams/canals/estuaries""]","[""flood protection"", ""stormwater and rainfall management and storage""]",[],"[{""description"": ""Increased protection against flooding"", ""type"": ""environmental""}, {""description"": ""Improved stormwater management"", ""type"": ""environmental""}, {""description"": ""Expected enhanced protection and restoration of freshwater ecosystems"", ""type"": ""environmental""}, {""description"": ""Expected increase of green jobs (e.g. paid employment positions)"", ""type"": ""economic""}, {""description"": ""Expected improved liveability"", ""type"": ""social""}, {""description"": ""Expected improvement in people’s connection to nature"", ""type"": ""social""}, {""description"": ""Expected improved community safety to climate-related hazards"", ""type"": ""social""}]",Local government/municipality,https://una.city/nbs/cagliari-fua/assemini-waterways-restoration-flood-resilience,freshwater setting,087_Assemini_Waterways_Restoration_for_Flood_Resilience.html
Asunción Green City of the Americas - Pathways to Sustainability project,"Under Sustainable Development Goal 11 (make cities and human settlements inclusive, safe, resilient and sustainable) in 2017 a coalition of stakeholders including the Municipality of Asuncion started the implementation of an initiative focused on improving the quality of life in the Metropolitan Area of Asunción through green infrastructure in a sustainable and resilient city framework. The intervention aims to address urban challenges such as irregular flooding and urban growth over a duration of 5 years.",ongoing,Asuncion,Paraguay,regional,"[""Grey infrastructure featuring greens"", ""Alley or street trees and other street vegetation"", ""Parks and urban forests"", ""Pocket parks/neighbourhood green spaces"", ""Green corridors and green belts""]","[""Climate action for adaptation, resilience and mitigation (SDG 13)"", ""Water management (SDG 6)"", ""Flood protection"", ""Green space, habitats and biodiversity (SDG 15)"", ""Environmental quality""]","[""Gain in activities for recreation and exercise"", ""Increased perception of safety""]","[{""description"": ""Improved waste management"", ""type"": ""environmental""}, {""description"": ""Increased green space area"", ""type"": ""environmental""}, {""description"": ""Increased knowledge of locals about local nature"", ""type"": ""social""}, {""description"": ""Increased awareness of NBS and their benefits"", ""type"": ""social""}]","This project is implemented by the Ministry of Environment and Sustainable Development (MADES), in conjunction with UNDP, the Municipality of Asunción, and other governmental and non-governmental actors.",https://una.city/nbs/asuncion/asuncion-green-city-americas-pathways-sustainability-project,urban,088_Asunción_Green_City_of_the_Americas_-_Pathways_to_Sustainability_project.html
Atlantis Water Fund Pilot Project,"The Nature Conservancy established the Cape Town Water Fund in 2016 using the worldwide applied water fund to enable downstream water users to invest in land conservation and restoration upstream. In 2018, the Water Fund started its pilot project on the catchment area of the Atlantis Aquifer, outside of Cape Town's boundaries on state land. The pilot project seeks to increase water supply to Cape Town by removing invasive plant species in water catchment areas.",completed,Atlantis Aquifer,South Africa,regional,"[""Green areas for water management""]","[""Climate change adaptation"", ""Water management"", ""Habitat and biodiversity restoration"", ""Social justice and equity"", ""Employment/job creation""]",[],"[{""description"": ""Strengthened capacity to address climate hazards/natural disasters"", ""type"": ""environmental""}, {""description"": ""Reduced risk of damages by drought"", ""type"": ""environmental""}, {""description"": ""Increased conservation or restoration of ecosystems"", ""type"": ""environmental""}, {""description"": ""Increased visibility and opportunity for marginalised groups or indigenous peoples"", ""type"": ""social""}, {""description"": ""Fair distribution of social, environmental and economic benefits of the NBS project"", ""type"": ""social""}, {""description"": ""Increase of green jobs (e.g. paid employment positions)"", ""type"": ""economic""}]",Co-governance with government and non-government actors,https://una.city/nbs/cape-town/atlantis-water-fund-pilot-project,unknown,089_Atlantis_Water_Fund_Pilot_Project.html
Avas Tomato Community Garden,"The Avas Tomato Community Garden, located in a formerly neglected area of the Avas hill of Miskolc, has transformed from an overgrown, rat-infested, and litter-strewn space into a thriving community garden. The initiative began with the establishment of the 'Panelkertész' club, and by 2016, with the support of a local representative, the garden began to take shape. The garden now consists of 20 large and 6 smaller beds, with 18 families actively growing vegetables, herbs, and spices.",completed,Miskolc,Hungary,site,"[""Community gardens"", ""Community gardens and allotments""]","[""Environmental quality"", ""Waste management"", ""Green space, habitats and biodiversity"", ""Regeneration, land-use and urban development"", ""Health and well-being"", ""Social justice, cohesion and equity"", ""Sustainable consumption and production""]","[""Creation of opportunities for recreation""]","[{""description"": ""Improved waste management"", ""type"": ""environmental""}, {""description"": ""Increased green space area"", ""type"": ""environmental""}, {""description"": ""Restoration of derelict areas"", ""type"": ""environmental""}, {""description"": ""Achieved generation of other type of work opportunities"", ""type"": ""economic""}, {""description"": ""Improved access to urban green space"", ""type"": ""social""}, {""description"": ""Increased opportunities for social interaction"", ""type"": ""social""}, {""description"": ""Increased access to healthy/affordable food"", ""type"": ""social""}, {""description"": ""Increased awareness of NBS and their benefits"", ""type"": ""social""}, {""description"": ""Achieved increased perception of safety"", ""type"": ""social""}]","Led by non-government actors, with participation from local community members and support from NGOs.",https://una.city/nbs/miskolc-fua/avas-tomato-community-garden,urban,090_Avas_Tomato_Community_Garden.html
Ayala Triangle Gardens,"The 2-hectares public garden is located in Makati Central Business District of Metro Manila between the main arteries of Makati - Paseo de Roxas, Makati Avenue and Ayala Avenue - that form a triangle in the backyard of business towers. The Garden was opened to the public in 2009 and showcases various trees and other plant species alongside numerous public artworks created by local artists. The park provides habitat for hundreds of various trees of types, including rain trees, golden palms, fire trees, orange jasmines, and podocarpus.",completed,Makati,Philippines,neighborhood,"[""Parks and urban forests"", ""Large urban parks or forests""]","[""Climate action for adaptation, resilience and mitigation (SDG 13)"", ""Climate change mitigation"", ""Environmental quality"", ""Air quality improvement"", ""Green space, habitats and biodiversity (SDG 15)"", ""Habitat and biodiversity conservation"", ""Green space creation and/or management"", ""Regeneration, land-use and urban development"", ""Promote natural styles of landscape design for urban development"", ""Cultural heritage and cultural diversity"", ""Protection of historic and cultural landscape/infrastructure"", ""Health and well-being (SDG 3)"", ""Enabling opportunities for physical activity"", ""Improving mental health"", ""Creation of opportunities for recreation"", ""Social justice, cohesion and equity (SDG 10)"", ""Social interaction"", ""Environmental education""]","[""Improved mental health"", ""Gain in activities for recreation and exercise""]","[{""description"": ""Lowered local temperature"", ""type"": ""environmental""}, {""description"": ""Reduced emissions"", ""type"": ""environmental""}, {""description"": ""Improved air quality"", ""type"": ""environmental""}, {""description"": ""Increased green space area"", ""type"": ""environmental""}, {""description"": ""Increased number of species present"", ""type"": ""environmental""}, {""description"": ""Increased property prices"", ""type"": ""economic""}, {""description"": ""Attraction of business and investment"", ""type"": ""economic""}, {""description"": ""Improved access to urban green space"", ""type"": ""social""}, {""description"": ""Increased opportunities for social interaction"", ""type"": ""social""}, {""description"": ""Increased sense of place identity, memory and belonging"", ""type"": ""social""}, {""description"": ""Increased appreciation for natural spaces"", ""type"": ""social""}, {""description"": ""Increased awareness of NBS and their benefits"", ""type"": ""social""}]",Led by non-government actors,https://una.city/nbs/makati-city/ayala-triangle-gardens,urban,091_Ayala_Triangle_Gardens.html
B.Bylon Rooftop Park,"B.Bylon Roof Park is a green park on top of the B.Amsterdam building which provides a healthy environment for employees and citizens of the neighbourhood. The park contains a vegetable garden, recreational facilities, meeting spots, sport facilities, a herb garden, a water basin, fruit trees, chickens and a restaurant. The roof park stores and uses storm water and an organic circular decomposing system provides plant nutrients.",completed,Amsterdam,Netherlands,site,"[""green roofs"", ""pocket parks/neighbourhood green spaces"", ""community gardens"", ""rain gardens"", ""sustainable urban drainage systems""]","[""climate change adaptation"", ""stormwater and rainfall management and storage"", ""green space creation and/or management"", ""air quality improvement"", ""improving mental health"", ""creation of opportunities for recreation""]","[""improved mental health"", ""gain in activities for recreation and exercise""]","[{""description"": ""Improved waste management"", ""type"": ""environmental""}, {""description"": ""Improved stormwater management"", ""type"": ""environmental""}, {""description"": ""Increased green space area"", ""type"": ""environmental""}, {""description"": ""Increased number of species present"", ""type"": ""environmental""}, {""description"": ""Increased opportunities for social interaction"", ""type"": ""social""}, {""description"": ""Increased access to healthy/affordable food"", ""type"": ""social""}, {""description"": ""Improved mental health"", ""type"": ""social""}, {""description"": ""Gain in activities for recreation and exercise"", ""type"": ""social""}]","Led by non-government actors, implemented by GrownDownTown in cooperation with DakDokters.",https://una.city/nbs/amsterdam/bbylon-rooftop-park,urban,092_BBylon_Rooftop_Park.html
Backwaters management in the city forest,"Management of natural lime-dry grasslands on gravel banks in Augsburg is conducted by the Landcape Association of the City of Augsburg (Bavaria, Germany). 300 ha of biotopes within the municipal area is maintained due to sheep grazing, mowing management, scrub clearance and reopening of potential expansion areas as well as further activities to create initial stages of immature soils and recreational purposes (Ref. 1).",completed,Augsburg,Germany,neighborhood,"[""blue infrastructure"", ""parks and urban forests""]","[""Environmental quality"", ""Soil quality improvement"", ""Green space, habitats and biodiversity (SDG 15)"", ""Water management (SDG 6)"", ""Flood protection"", ""Health and well-being (SDG 3)""]","[""Creation of opportunities for recreation""]","[{""description"": ""Improved soil quality"", ""type"": ""environmental""}, {""description"": ""Improved water quality"", ""type"": ""environmental""}, {""description"": ""Increased protection against flooding"", ""type"": ""environmental""}, {""description"": ""Increased number of species present"", ""type"": ""environmental""}, {""description"": ""Protection of natural heritage"", ""type"": ""social""}, {""description"": ""Increased awareness of NBS and their benefits"", ""type"": ""social""}]",Government-led,https://una.city/nbs/augsburg/backwaters-management-city-forest,urban,093_Backwaters_management_in_the_city_forest.html
Bailen Garden,"The garden is an opportunity for training, leisure and coexistence where the teaching of ecological gardening is combined with the love of plants and the social use of land. Consolidated in just one year as a training point for the unemployed without losing that playful-neighborhood component with which it opened its doors. In it the volunteers develop a methodology of teaching that facilitates the socialization and the reintegration work when acquiring knowledge in gardening and carpentry.",completed,Malaga,Spain,neighborhood,"[""Parks and urban forests"", ""Pocket parks/neighbourhood green spaces"", ""Community gardens and allotments"", ""Allotments"", ""Community gardens""]","[""Water management (SDG 6)"", ""Improvements to water quality"", ""Green space, habitats and biodiversity (SDG 15)"", ""Green space creation and/or management"", ""Inclusive and effective governance (SDG 16)"", ""Inclusive governance"", ""Social justice, cohesion and equity (SDG 10)"", ""Environmental education"", ""Social justice and equity"", ""Social cohesion"", ""Social interaction"", ""Health and well-being (SDG 3)"", ""Enabling opportunities for physical activity"", ""Creation of opportunities for recreation"", ""Economic development and employment (SDG 8)"", ""Employment/job creation"", ""Sustainable consumption and production (SDG 12)"", ""Sustainable consumption"", ""Sustainable production""]","[""Improved physical health"", ""Gain in activities for recreation and exercise""]","[{""description"": ""Strengthened capacity to address climate hazards/natural disasters"", ""type"": ""environmental""}, {""description"": ""Improved waste management"", ""type"": ""environmental""}, {""description"": ""Reduced risk of damages by drought"", ""type"": ""environmental""}, {""description"": ""Increased green space area"", ""type"": ""environmental""}, {""description"": ""Improved social cohesion"", ""type"": ""social""}, {""description"": ""Increased access to urban green space"", ""type"": ""social""}, {""description"": ""Increased access to healthy/affordable food"", ""type"": ""social""}, {""description"": ""Increased knowledge of locals about local nature"", ""type"": ""social""}, {""description"": ""Increased awareness of NBS and their benefits"", ""type"": ""social""}]",Co-governance with government and non-government actors,https://una.city/nbs/malaga/bailen-garden,urban,094_Bailen_Garden.html
Ballyfermot People's Park,"In 2021-2022, the fenced grassy area beside the Ballyfermot Community Civic Centre was transformed into a welcoming 'people’s park'—an open green space for the community. Designed by Dublin City Council’s Parks, Biodiversity, and Landscape Services, the park reflects ideas from local residents gathered over eight months of on-site conversations and two community consultation events. The new park features a winding perimeter path, earth mounds planted with a variety of trees and plants for seasonal color, and infrastructure to support small community gatherings.",completed,"Dublin, Dublin (FUA)",Ireland,neighborhood,"[""Community gardens and allotments"", ""Parks and urban forests""]","[""Green space, habitats and biodiversity"", ""Health and well-being"", ""Inclusive and effective governance"", ""Social justice, cohesion and equity"", ""Sustainable consumption and production""]","[""Creation of opportunities for recreation"", ""Enabling opportunities for physical activity""]","[{""description"": ""Increased ecological connectivity across regeneration sites and scales"", ""type"": ""environmental""}, {""description"": ""Improved social cohesion"", ""type"": ""social""}, {""description"": ""Expected improved access to urban green space"", ""type"": ""social""}, {""description"": ""Gain in activities for recreation and exercise"", ""type"": ""unknown""}]",Co-governance with government and non-government actors,https://una.city/nbs/dublin-fua/ballyfermot-peoples-park,urban,095_Ballyfermot_Peoples_Park.html
Balne Lane Fields project,"Balne Lane Fields are an area of land close to the city centre of Wakefield. The site comprises of an area of nine hectares, which includes a former landfill site that has been restored to open green space. Part of the site is within a flood zone (Balne Beck). The field is popular with the local population for informal recreation.",unknown,Wakefield,United Kingdom,neighborhood,"[""Blue infrastructure"", ""Community gardens and allotments"", ""Green areas for water management"", ""Grey infrastructure featuring greens"", ""Parks and urban forests""]","[""Climate change adaptation"", ""Flood protection"", ""Improving physical health"", ""Creation of opportunities for recreation""]","[""Improved physical health"", ""Improved mental health"", ""Enabling opportunities for physical activity""]","[{""description"": ""Increased protection against flooding"", ""type"": ""environmental""}, {""description"": ""Improved stormwater management"", ""type"": ""environmental""}, {""description"": ""Increased opportunities for social interaction"", ""type"": ""social""}, {""description"": ""Improved access to urban green space"", ""type"": ""social""}, {""description"": ""Improved mental health"", ""type"": ""social""}]",Co-governance with government and non-government actors,https://una.city/nbs/wakefield/balne-lane-fields-project,urban,096_Balne_Lane_Fields_project.html
Bangkok City Farm,"Due to the growing population density and extreme climate events in Bangkok, Thailand, food security has become a more and more pressing issue for urban people. As a response, the Bangkok City Farm project was launched in 2010 by the Food and Nutrition Programme of the National Health Promotion Foundation. Implemented in collaboration with the Sustainable Agriculture Foundation Thailand (SAFT), the project aims to encourage and enable people in urban areas to grow their own food.",ongoing,Bangkok,Thailand,regional,"[""community gardens and allotments"", ""green roofs""]","[""food security"", ""climate change adaptation"", ""social justice and equity""]","[""improving mental health"", ""improving physical health""]","[{""description"": ""Improved soil quality"", ""type"": ""environmental""}, {""description"": ""Increased access to healthy/affordable food"", ""type"": ""social""}, {""description"": ""Increased visibility and opportunity for marginalised groups"", ""type"": ""social""}]",Co-governance with government and non-government actors,https://una.city/nbs/bangkok/bangkok-city-farm,urban,097_Bangkok_City_Farm.html
Bangpu Nature Education Center,"Due to the decreasing number of mangrove forests in the inner Gulf of Thailand, WWF Thailand aspires to protect the remaining mangroves. Supporting this objective, WWF worked with Royal Thai Army (RTA) and several other partners to establish the Bangpu Nature Education centre. The education centre offers knowledge about mangroves, mudflat ecology and biodiversity through educational programs tailored for different visitor groups.",completed,Samut Prakan,Thailand,neighborhood,"[""Coastal wetland, mangroves and salt marshes"", ""Large urban parks or forests""]","[""Coastal resilience and marine protection (SDG 14)"", ""Green space, habitats and biodiversity (SDG 15)"", ""Social justice, cohesion and equity (SDG 10)""]","[""Gain in activities for recreation and exercise"", ""Increased knowledge of locals about local nature""]","[{""description"": ""Enhanced protection and restoration of coastal and marine ecosystems"", ""type"": ""environmental""}, {""description"": ""Increased support for education and scientific research"", ""type"": ""social""}, {""description"": ""Increased awareness of NBS and their benefits"", ""type"": ""social""}]",Co-governance with government and non-government actors,https://una.city/nbs/samut-prakan/bangpu-nature-education-center,coastal,098_Bangpu_Nature_Education_Center.html
Banks of the Ebro River,"""After decades of abandonment and deterioration, Zaragoza took advantage of the opportunity of the Expo 2008, to form a new relationship with the Ebro River, transforming empty, inaccessible, degraded and unsafe banks into places of encounter and representation. Public works on the Ebro were designed as structures with various functions."" (Ref.3)",completed,Zaragoza,Spain,regional,"[""Grey infrastructure featuring greens"", ""Blue infrastructure"", ""Parks and urban forests"", ""Green areas for water management""]","[""Water management (SDG 6)"", ""Green space, habitats and biodiversity (SDG 15)"", ""Regeneration, land-use and urban development"", ""Social justice, cohesion and equity (SDG 10)"", ""Health and well-being (SDG 3)"", ""Cultural heritage and cultural diversity""]","[""Enabling opportunities for physical activity"", ""Creation of opportunities for recreation""]","[{""description"": ""Strengthened capacity to address climate hazards/natural disasters"", ""type"": ""environmental""}, {""description"": ""Increased protection against flooding"", ""type"": ""environmental""}, {""description"": ""Improved stormwater management"", ""type"": ""environmental""}, {""description"": ""Increased green space area"", ""type"": ""environmental""}, {""description"": ""Improved access to urban green space"", ""type"": ""social""}, {""description"": ""Increased opportunities for social interaction"", ""type"": ""social""}, {""description"": ""Gain in activities for recreation and exercise"", ""type"": ""social""}, {""description"": ""Promotion of cultural diversity"", ""type"": ""social""}, {""description"": ""Increased sense of place identity, memory and belonging"", ""type"": ""social""}]",Government-led,https://una.city/nbs/zaragoza/banks-ebro-river,urban,099_Banks_of_the_Ebro_River.html
BASIC Project Cartagena: integrated coastal water resource management,"The BASIC Cartagena Project is an applied research initiative focused on developing tools for integrated coastal water resource management in Cartagena, Colombia. It aims to reduce pollution, conserve ecosystem services, and implement climate change adaptation strategies in the coastal area. The project involves extensive monitoring of water quality and socio-economic conditions of local communities, and it has led to the formulation of several environmental management policies.",ongoing,"Cartagena, Cartagena (FUA)",Colombia,regional,"[""blue infrastructure"", ""coastlines""]","[""Climate action for adaptation, resilience and mitigation (SDG 13)"", ""Climate change adaptation"", ""Coastal resilience and marine protection (SDG 14)"", ""Water management (SDG 6)"", ""Improvements to water quality""]","[""Improved physical health""]","[{""description"": ""Strengthened capacity to address climate hazards/natural disasters"", ""type"": ""environmental""}, {""description"": ""Improved water quality"", ""type"": ""environmental""}, {""description"": ""Increased support for education and scientific research"", ""type"": ""social""}]",Led by EAFIT University in collaboration with other universities and local authorities.,https://una.city/nbs/cartagena-fua/basic-project-cartagena-integrated-coastal-water-resource-management,coastal,100_BASIC_Project_Cartagena_integrated_coastal_water_resource_management.html
"Baubotanical tower in Wald-Ruhestetten, south of Stuttgart","Baubotanik Tower is a test and demonstration building in Wald-Ruhestetten, approx. 150km south of Stuttgart. It exemplifies new engineering possibilities with living plants and visualizes the architectural and ecological potential of Baubotanik. Baubotanik or Living Plant Constructions is a technology of building with living trees, advanced by Stuttgart architect Ferdinand Ludwig.",completed,Wald-Ruhestetten,Germany,site,"[""Nature on buildings (external)""]","[""Green space, habitats and biodiversity (SDG 15)"", ""Environmental quality""]","[""Improved air quality""]","[{""description"": ""Lowered local temperature"", ""type"": ""environmental""}, {""description"": ""Enhanced carbon sequestration"", ""type"": ""environmental""}, {""description"": ""Improved air quality"", ""type"": ""environmental""}, {""description"": ""Improved soil quality"", ""type"": ""environmental""}, {""description"": ""Increased green space area"", ""type"": ""environmental""}, {""description"": ""Social justice and cohesion"", ""type"": ""social""}, {""description"": ""Improved access to urban green space"", ""type"": ""social""}, {""description"": ""Increased support for education and scientific research"", ""type"": ""social""}, {""description"": ""Increased awareness of NBS and their benefits"", ""type"": ""social""}, {""description"": ""Reduce financial cost for urban management"", ""type"": ""economic""}]",Led by non-government actors,https://una.city/nbs/stuttgart/baubotanical-tower-wald-ruhestetten-south-stuttgart,urban,101_Baubotanical_tower_in_Wald-Ruhestetten_south_of_Stuttgart.html
Bay at Norikus,"New recreation zone ""Norikus Bay"" in Nurenberg was completed in 2018 on the south bank of the Wöhrder lake, an artificial lake created in 1968 to protect the city from flooding. The dam itself, which is a 400m long path separating a part of the water surface from the bigger part of the lake, has become a tourist attraction with a water playground and other recreational amenities being offered. The water is naturally cleaned through the regeneration zone with natural plant filter, and simultaneously improves the habitat of fish and makes recreational swimming in possible in the cleaner water.",completed,Nurnberg,Germany,neighborhood,"[""Parks and urban forests"", ""Large urban parks or forests"", ""Blue infrastructure"", ""Lakes/ponds""]","[""Water management (SDG 6)"", ""Flood protection"", ""Improvements to water quality"", ""Green space, habitats and biodiversity (SDG 15)"", ""Habitat and biodiversity restoration"", ""Habitat and biodiversity conservation"", ""Green space creation and/or management"", ""Environmental quality"", ""Soil quality improvement"", ""Waste management"", ""Health and well-being (SDG 3)"", ""Creation of opportunities for recreation"", ""Cultural heritage and cultural diversity"", ""Preservation of natural heritage""]","[""Gain in activities for recreation and exercise""]","[{""description"": ""Improved water quality"", ""type"": ""environmental""}, {""description"": ""Increased protection against flooding"", ""type"": ""environmental""}, {""description"": ""Improved stormwater management"", ""type"": ""environmental""}, {""description"": ""Improved access to urban green space"", ""type"": ""social""}, {""description"": ""Increased appreciation for natural spaces"", ""type"": ""social""}]",Local government/municipality,https://una.city/nbs/nurnberg/bay-norikus,urban,102_Bay_at_Norikus.html
Bayangol Park,"Bayangol park is located in the Bayangol district of Ulaanbaatar along the Tuul riverside. The 'Bayangol Agropark' was originally established in 2014 under the administration of the Assembly of Citizens' Representatives of Bayangol District. Later, in 2021, it was renamed 'Bayangol Park', and the park activities were expanded. The 50-hectare area along the Tuul river basin is expected to develop into an eco-park where people can enjoy their free time in a safe and welcoming atmosphere.",ongoing,Ulaanbaatar,Mongolia,neighborhood,"[""Parks and urban forests"", ""Large urban parks or forests"", ""Blue infrastructure"", ""Lakes/ponds"", ""Rivers/streams/canals/estuaries"", ""Community gardens and allotments"", ""Horticulture"", ""Grey infrastructure featuring greens"", ""Riverbank/Lakeside greens"", ""Green playgrounds and school grounds""]","[""Climate change mitigation"", ""Air quality improvement"", ""Noise reduction"", ""Habitat and biodiversity conservation"", ""Green space creation and/or management"", ""Improvements to water quality"", ""Enabling opportunities for physical activity"", ""Creation of opportunities for recreation"", ""Environmental education"", ""Economic development: agriculture"", ""Employment/job creation"", ""Sustainable production""]","[""Improved air quality"", ""Gain in activities for recreation and exercise""]","[{""description"": ""Increased green space area"", ""type"": ""environmental""}, {""description"": ""Increased number of species present"", ""type"": ""environmental""}, {""description"": ""Increase of green jobs (e.g. paid employment positions)"", ""type"": ""economic""}, {""description"": ""Increase in agricultural production (for profit or not)"", ""type"": ""economic""}, {""description"": ""Improved access to urban green space"", ""type"": ""social""}, {""description"": ""Increased visibility and opportunity for marginalised groups or indigenous peoples"", ""type"": ""social""}, {""description"": ""Increased access to healthy/affordable food"", ""type"": ""social""}]",Government-led,https://una.city/nbs/ulaanbaatar/bayangol-park,urban,103_Bayangol_Park.html
Bayou La Batre Green Stormwater Project,"Bayou La Batre, also known as the seafood capital of Alabama, has been facing severe flooding problems, including the occurrence of combined sewerage overflows. The Nature Conservancy has secured funding to install a green stormwater project in Bayou La Batre, adjacent to the library, sports fields and the community center. Alongside the aim of the green stormwater project to decrease flooding events in the community by infiltrating water, it also serves as an education and engagement project.",ongoing,Mobile (FUA),United States,site,"[""Green areas for water management"", ""Rain gardens"", ""Swales and filter strips""]","[""Flood protection"", ""Stormwater and rainfall management and storage"", ""Improvements to water quality""]","[""Improved water quality"", ""Improved community safety to climate-related hazards""]","[{""description"": ""Strengthened capacity to address climate hazards/natural disasters"", ""type"": ""environmental""}, {""description"": ""Improved water quality"", ""type"": ""environmental""}, {""description"": ""Increased protection against flooding"", ""type"": ""environmental""}, {""description"": ""Improved stormwater management"", ""type"": ""environmental""}, {""description"": ""Social justice and cohesion"", ""type"": ""social""}, {""description"": ""Increased awareness of NBS and their benefits"", ""type"": ""social""}]",Led by non-government actors; The Nature Conservancy leads the project; Environmental Protection Agency the funder and partner.,https://una.city/nbs/mobile-fua/bayou-la-batre-green-stormwater-project,urban,104_Bayou_La_Batre_Green_Stormwater_Project.html
BBC Roath Lock Studios,"The project involves the BBC Drama Village - a combination of studios and stores with associated offices and technical suites. It was the requirement for all buildings to achieve a BREEAM Excellent standard. GreenBlue Urban structural RootCell systems were used for this development to create adequate tree root volumes, to ensure optimum tree establishment and growth in a demanding coastal location. A Living Wall has been made which has a number of functions including the provision of a new home for solitary bees, lacewings and other invertebrates.",completed,Cardiff,United Kingdom,site,"[""green walls or facades"", ""sustainable urban drainage systems"", ""green areas for water management"", ""alley or street trees and other street vegetation""]","[""climate change adaptation"", ""climate change mitigation"", ""improvements to water quality"", ""green space creation and/or management"", ""air quality improvement"", ""waste management"", ""conversion of former industrial areas""]","[""improved air quality"", ""improved physical health""]","[{""description"": ""Reduced emissions"", ""type"": ""environmental""}, {""description"": ""Improved air quality"", ""type"": ""environmental""}, {""description"": ""Improved waste management"", ""type"": ""environmental""}, {""description"": ""Improved water quality"", ""type"": ""environmental""}, {""description"": ""Increased opportunities for social interaction"", ""type"": ""social""}, {""description"": ""Gain in activities for recreation and exercise"", ""type"": ""social""}, {""description"": ""Increased support for education and scientific research"", ""type"": ""social""}, {""description"": ""Increase of green jobs"", ""type"": ""economic""}, {""description"": ""Increased property prices"", ""type"": ""economic""}]",Led by non-government actors,https://una.city/nbs/cardiff/bbc-roath-lock-studios,urban,105_BBC_Roath_Lock_Studios.html
Beach park in Bremen,"A project of the local government developed with EU and federal funds that aimed at the development of the green and beach area in the course of the refurbishment of the flood protection system. The initiative sought to provide a model project for urban flood protection, which can showcase that flood protection measures do not require a separation between city and water and new recreational spaces at the water and shore can be created instead. The project involves redevelopment of the shore area, enlargement of the public space at the shore with additional sand deposit and greenery planting.",completed,Bremen,Germany,neighborhood,"[""Parks and urban forests"", ""Blue infrastructure""]","[""Climate change adaptation"", ""Flood protection"", ""Green space creation and/or management"", ""Enabling opportunities for physical activity"", ""Creation of opportunities for recreation""]","[""Gain in activities for recreation and exercise""]","[{""description"": ""Strengthened capacity to address climate hazards/natural disasters"", ""type"": ""environmental""}, {""description"": ""Increased protection against flooding"", ""type"": ""environmental""}, {""description"": ""Increased green space area"", ""type"": ""environmental""}, {""description"": ""Stimulate development in deprived areas"", ""type"": ""economic""}, {""description"": ""Improved access to urban green space"", ""type"": ""social""}, {""description"": ""Increased opportunities for social interaction"", ""type"": ""social""}]",Local government/municipality,https://una.city/nbs/bremen/beach-park-bremen,urban,106_Beach_park_in_Bremen.html
Beddagana Wetland Preservation,"The Beddagana Wetland Park is located in Sri Jayawardenapura Kotte, Sri Lanka's administrative capital. The wetland park plays an important role in flood regulation and keeping the city cool during periods of extreme heat. The project contributes to the flood management goals of the Metro Colombo Urban Development Project (MCUDP) and demonstrates how a wetland can be preserved while promoting eco-tourism and improved livability in the city.",completed,Sri Jayawardenepura Kotte,Sri Lanka,neighborhood,"[""Coastal wetland, mangroves and salt marshes"", ""Large urban parks or forests""]","[""Flood protection"", ""Air quality improvement"", ""Climate change adaptation"", ""Habitat and biodiversity conservation""]","[""Creation of opportunities for recreation""]","[{""description"": ""Lowered local temperature"", ""type"": ""environmental""}, {""description"": ""Improved air quality"", ""type"": ""environmental""}, {""description"": ""Increased protection against flooding"", ""type"": ""environmental""}, {""description"": ""Improved access to urban green space"", ""type"": ""social""}, {""description"": ""Increased knowledge of locals about local nature"", ""type"": ""social""}, {""description"": ""More sustainable tourism"", ""type"": ""economic""}]",Government-led,https://una.city/nbs/sri-jayawaradenepura-kotte/beddagana-wetland-preservation,urban,107_Beddagana_Wetland_Preservation.html
Bee Park in Montentargius,"The Bee Park Molentargius is a project located in the Molentargius-Saline Regional Natural Park, in Cagliari. It aims to restore specific areas of the park to their original ecological and productive functions, enhance biodiversity, support sustainable agricultural practices, and promote environmental education. The project includes the creation of shared gardens and an educational apiary, designed to reclaim the park’s identity and encourage local participation.",completed,Cagliari,Italy,neighborhood,"[""Community gardens and allotments"", ""Parks and urban forests""]","[""Green space, habitats and biodiversity"", ""Social justice, cohesion and equity"", ""Economic development and employment"", ""Sustainable consumption and production""]",[],"[{""description"": ""Increased green space area"", ""type"": ""environmental""}, {""description"": ""Expected increased green space area"", ""type"": ""environmental""}, {""description"": ""Increased number of species present"", ""type"": ""environmental""}, {""description"": ""Achieved enhanced support of pollination"", ""type"": ""environmental""}, {""description"": ""Achieved restoration of derelict areas"", ""type"": ""environmental""}, {""description"": ""Expected more sustainable tourism"", ""type"": ""economic""}, {""description"": ""Expected increase in agricultural production"", ""type"": ""economic""}, {""description"": ""Improved social cohesion"", ""type"": ""social""}, {""description"": ""Achieved increased involvement of locals in the management of green spaces"", ""type"": ""social""}, {""description"": ""Expected increased awareness of flora and fauna as culturally and historically meaningful"", ""type"": ""social""}, {""description"": ""Achieved increased knowledge of locals about local nature"", ""type"": ""social""}]",Local government/municipality,https://una.city/nbs/cagliari-fua/bee-park-montentargius,urban,108_Bee_Park_in_Montentargius.html
Bee-Friendly Nottingham,"Bee-friendly Nottingham is a campaign run by Nottingham City Council to make Nottingham a more pollinator-friendly city, promote pollinator-friendly gardening at council events and to protect bee populations by planting pollinator-friendly plants via planting schemes. It aims to make some lasting changes to the way people manage open spaces in order to help wild and domestic bees and provide more flowers for foraging and more habitat for nest sites.",ongoing,Nottingham,United Kingdom,regional,"[""community gardens and allotments"", ""parks and urban forests""]","[""Green space, habitats and biodiversity"", ""Inclusive and effective governance"", ""Social justice, cohesion and equity""]",[],"[{""description"": ""Increased green space area"", ""type"": ""environmental""}, {""description"": ""Increased conservation or restoration of ecosystems"", ""type"": ""environmental""}, {""description"": ""Reduced biodiversity loss"", ""type"": ""environmental""}, {""description"": ""Increased number of species present"", ""type"": ""environmental""}, {""description"": ""Increased protection of threatened species"", ""type"": ""environmental""}, {""description"": ""Increased involvement of locals in the management of green spaces"", ""type"": ""social""}, {""description"": ""Increased support for education and scientific research"", ""type"": ""social""}, {""description"": ""Increased knowledge of locals about local nature"", ""type"": ""social""}]",Local government/municipality,https://una.city/nbs/greater-nottingham/bee-friendly-nottingham,urban,109_Bee-Friendly_Nottingham.html
Beehives on the roofs of the Catholic University of Lublin,"The initiative involves establishing beehives on the roofs of the Catholic University of Lublin and the Centre for the Meetings of Cultures. It seeks to provide the habitat for the bees in the city, help in pollination, educate the society about the bees and shape more ecologically-friendly attitudes among the students, faculty and visitors. It should also produce honey that can be sold or distributed free of charge, which can serve in a promotional tool of the two institutions.",ongoing,Lublin,Poland,neighborhood,"[""Grey infrastructure featuring greens""]","[""Green space, habitats and biodiversity"", ""Social justice, cohesion and equity"", ""Sustainable consumption and production""]",[],"[{""description"": ""Increased conservation or restoration of ecosystems"", ""type"": ""environmental""}, {""description"": ""Generation of income from NBS"", ""type"": ""economic""}, {""description"": ""Increased access to healthy/affordable food"", ""type"": ""social""}, {""description"": ""Improvement in people’s connection to nature"", ""type"": ""social""}, {""description"": ""Increased knowledge of locals about local nature"", ""type"": ""social""}]","Led by non-government actors, including the Centre for the Meetings of Cultures and the Catholic University of Lublin.",https://una.city/nbs/lublin/beehives-roofs-catholic-university-lublin,urban,110_Beehives_on_the_roofs_of_the_Catholic_University_of_Lublin.html
Beekeeping in Audi Hungaria,"The idea of beekeeping originated from AUDI AG, Audi Hungaria's parent company. In 2015, Audi Hungaria was in the midst of implementing its flora and fauna protection plan thus the beekeeping idea was in line with ongoing developments, and was quickly taken up by management. 6 bee colonies with 270,000 bees were installed in September 2015.",completed,Győr,Hungary,neighborhood,"[""Institutional green space""]","[""Green space, habitats and biodiversity (SDG 15)"", ""Social justice, cohesion and equity (SDG 10)"", ""Sustainable consumption and production (SDG 12)""]",[],"[{""description"": ""Increased conservation or restoration of ecosystems"", ""type"": ""environmental""}, {""description"": ""Generation of income from NBS"", ""type"": ""economic""}, {""description"": ""Increased support for education and scientific research"", ""type"": ""social""}]",Led by non-government actors,https://una.city/nbs/gyor/beekeeping-audi-hungaria,urban,111_Beekeeping_in_Audi_Hungaria.html
Beekeeping Station Bielefeld,"In 2002, the facilities of the Bielefeld Botanic Garden was expanded with a small apiary for local bees. The apiary was opened on the 90th anniversary of the Botanical Garden and since then in its 5 beehives accommodate the bees living in the garden. The facility is a place for breeding of bees to support their pollination activities and thus their role in food production while the apiary also offers visitors the chance to get an insight into the life and work of a beehive.",completed,Bielefeld,Germany,neighborhood,"[""Parks and urban forests"", ""Botanical gardens""]","[""Green space, habitats and biodiversity (SDG 15)"", ""Social justice, cohesion and equity (SDG 10)"", ""Sustainable consumption and production (SDG 12)""]",[],"[{""description"": ""Increased conservation or restoration of ecosystems"", ""type"": ""environmental""}, {""description"": ""Increased number of species present"", ""type"": ""environmental""}, {""description"": ""Increased protection of threatened species"", ""type"": ""environmental""}, {""description"": ""Enhanced support of pollination"", ""type"": ""environmental""}, {""description"": ""Increased knowledge of locals about local nature"", ""type"": ""social""}, {""description"": ""Increased awareness of NBS and their benefits"", ""type"": ""social""}]",Led by non-government actors,https://una.city/nbs/bielefeld/beekeeping-station-bielefeld,urban,112_Beekeeping_Station_Bielefeld.html
Bees at the Biology Institute at the University of Białystok,"After relevant local regulations had been adapted and allowed for keeping apiaries in the city of Białystok, in 2016, the Institute of Biology at the University of Bialystok put six beehives on its rooftop. The initiative aims at increasing biodiversity and pollination in the city. It promotes beekeeping and sustainable production and consumption patterns, and the honey is a brand product of the University.",completed,Białystok,Poland,site,"[""nature on buildings (external)""]","[""Green space, habitats and biodiversity (SDG 15)"", ""Habitat and biodiversity restoration"", ""Inclusive and effective governance (SDG 16)"", ""Effective management"", ""Social justice, cohesion and equity (SDG 10)"", ""Environmental education"", ""Sustainable consumption and production (SDG 12)"", ""Sustainable consumption"", ""Sustainable production""]",[],"[{""description"": ""Enhanced support of pollination"", ""type"": ""environmental""}, {""description"": ""Generation of income from NBS"", ""type"": ""economic""}, {""description"": ""Social justice and cohesion"", ""type"": ""social""}, {""description"": ""Increased access to healthy/affordable food"", ""type"": ""social""}, {""description"": ""Increased awareness of NBS and their benefits"", ""type"": ""social""}]","Led by non-government actors, initiated by researchers/university",https://una.city/nbs/bialystok/bees-biology-institute-university-bialystok,urban,113_Bees_at_the_Biology_Institute_at_the_University_of_Białystok.html
Bees in Hannover,"The “Animal Species Aid Program”, also a part of “More Nature in the City” project of the Department of Environment and Urban Green, mapped out the occurrences of wild bees in Hannover including Leineaue, Alte Bult and the area of Berggarten and Leibniz University. With this program, 244 wild bees and wasp species were detected in Hannover in 2013/2014. In addition to the inventory, the program has also provided care instructions tailored to the individual species in order to protect their habitat.",ongoing,Hannover,Germany,neighborhood,"[""Community gardens and allotments"", ""Parks and urban forests""]","[""Green space, habitats and biodiversity (SDG 15)"", ""Habitat and biodiversity conservation"", ""Green space creation and/or management""]",[],"[{""description"": ""Increased number of protection areas"", ""type"": ""environmental""}, {""description"": ""Increased conservation or restoration of ecosystems"", ""type"": ""environmental""}, {""description"": ""Reduced biodiversity loss"", ""type"": ""environmental""}, {""description"": ""Increased number of species present"", ""type"": ""environmental""}, {""description"": ""Increased protection of threatened species"", ""type"": ""environmental""}, {""description"": ""Enhanced support of pollination"", ""type"": ""environmental""}, {""description"": ""Improvement in people’s connection to nature"", ""type"": ""social""}, {""description"": ""Increased awareness of flora and fauna as culturally and historically meaningful"", ""type"": ""social""}, {""description"": ""Increased knowledge of locals about local nature"", ""type"": ""social""}, {""description"": ""Increased awareness of NBS and their benefits"", ""type"": ""social""}]",Co-governance with government and non-government actors,https://una.city/nbs/hannover/bees-hannover,urban,114_Bees_in_Hannover.html
Bees on the rooftops of Cracow,"The project called “The Apiary of Kraków” includes several interrelated initiatives to establish beehives on the rooftops of various institutions in Cracow. The aim is to provide habitat for bees, and protect biodiversity, support urban pollination, increase social awareness on the topic. Urban honey is of better quality than honey produced in rural areas where pesticides are more common. The local administration-led initiative aims to promote Cracow as a pro-ecological city which soon will be selling its honey.",ongoing,Kraków,Poland,regional,"[""grey infrastructure featuring greens""]","[""Green space, habitats and biodiversity (SDG 15)"", ""Inclusive and effective governance (SDG 16)"", ""Economic development and employment (SDG 8)"", ""Sustainable consumption and production (SDG 12)""]",[],"[{""description"": ""Increased conservation or restoration of ecosystems"", ""type"": ""environmental""}, {""description"": ""Increased number of species present"", ""type"": ""environmental""}, {""description"": ""Increased protection of threatened species"", ""type"": ""environmental""}, {""description"": ""Enhanced support of pollination"", ""type"": ""environmental""}, {""description"": ""Increased support for education and scientific research"", ""type"": ""social""}, {""description"": ""Increased knowledge of locals about local nature"", ""type"": ""social""}, {""description"": ""Increased awareness of NBS and their benefits"", ""type"": ""social""}]",Co-governance with government and non-government actors,https://una.city/nbs/krakow/bees-rooftops-cracow,urban,115_Bees_on_the_rooftops_of_Cracow.html
Beigua: urgent interventions for priority grasslands,"The BEIGUA LIFE Project focused on the development and implementation of six management plans, one for each of the priority habitat types present at the site, to safeguard and restore these endangered habitats located right outside of Genova. Several activities of soil rehabilitation were carried out through planting native species and keeping under control invasive plant species. An awareness raising campaign was held to involve local communities as well.",completed,Genova,Italy,regional,"[""Parks and urban forests""]","[""Green space, habitats and biodiversity (SDG 15)"", ""Environmental quality"", ""Economic development and employment (SDG 8)"", ""Cultural heritage and cultural diversity""]",[],"[{""description"": ""Increased conservation or restoration of ecosystems"", ""type"": ""environmental""}, {""description"": ""Reduced biodiversity loss"", ""type"": ""environmental""}, {""description"": ""Increased number of species present"", ""type"": ""environmental""}, {""description"": ""Increased protection of threatened species"", ""type"": ""environmental""}, {""description"": ""Improved prevention or control of invasive alien species"", ""type"": ""environmental""}, {""description"": ""Increased involvement of locals in the management of green spaces"", ""type"": ""social""}, {""description"": ""Increased awareness of flora and fauna as culturally and historically meaningful"", ""type"": ""social""}, {""description"": ""Increased appreciation for natural spaces"", ""type"": ""social""}, {""description"": ""Increased support for education and scientific research"", ""type"": ""social""}, {""description"": ""Increased knowledge of locals about local nature"", ""type"": ""social""}, {""description"": ""Increased awareness of NBS and their benefits"", ""type"": ""social""}]",Led by non-government actors,https://una.city/nbs/genova/beigua-urgent-interventions-priority-grasslands,unknown,116_Beigua_urgent_interventions_for_priority_grasslands.html
Beijing Plain Area Afforestation Programme (BPAP),"To mitigate environmental pressures, including air pollution and urban heat island effects and to improve urban resilience, the municipal government in Beijing has launched the largest afforestation Programme in 2012, Beijing Plain Area Afforestation Programme (BPAP). The aim was to create huge forest patches, develop urban forest park clusters and optimise the large-scale forest patterns. By 2015, BPAP has created green strategies with nine green wedges, multiple green belts, and green corridors around Beijing's old city centre.",completed,Beijing,China,regional,"[""Parks and urban forests"", ""Large urban parks or forests"", ""Green corridors and green belts""]","[""Air quality improvement"", ""Climate change adaptation"", ""Climate change mitigation"", ""Habitat and biodiversity restoration"", ""Green space creation and/or management""]","[""Gain in activities for recreation and exercise""]","[{""description"": ""Lowered local temperature"", ""type"": ""environmental""}, {""description"": ""Enhanced carbon sequestration"", ""type"": ""environmental""}, {""description"": ""Improved air quality"", ""type"": ""environmental""}, {""description"": ""Improved social cohesion"", ""type"": ""social""}, {""description"": ""Improved access to urban green space"", ""type"": ""social""}]",Government-led,https://una.city/nbs/beijing/beijing-plain-area-afforestation-programme-bpap,urban,117_Beijing_Plain_Area_Afforestation_Programme_BPAP.html
Bela Vista Park Reforestation,"The reforestation project at Bela Vista Park in Lisbon is a collaborative effort by the MEO Kalorama music festival, the Lisbon City Council, and Quercus (local NGO). The intervention began with a community planting event in February 2024 with the planting of 80 native trees, and the goal to plant a total of a total of 1,000 trees. The project aimed to improve the park's biodiversity, enhance carbon absorption, and support local wildlife.",completed,"Lisboa, Lisboa (FUA)",Portugal,neighborhood,"[""Parks and urban forests"", ""Large urban parks or forests""]","[""Climate action for adaptation, resilience and mitigation (SDG 13)"", ""Climate change mitigation"", ""Green space, habitats and biodiversity (SDG 15)"", ""Green space creation and/or management"", ""Habitat and biodiversity restoration"", ""Inclusive and effective governance (SDG 16)"", ""Inclusive governance""]",[],"[{""description"": ""Enhanced carbon sequestration"", ""type"": ""environmental""}, {""description"": ""Reduced risk of damages by drought"", ""type"": ""environmental""}, {""description"": ""Increased green space area"", ""type"": ""environmental""}, {""description"": ""Improved access to urban green space"", ""type"": ""social""}]",Co-governance with government and non-government actors,https://una.city/nbs/lisboa-fua/bela-vista-park-reforestation,urban,118_Bela_Vista_Park_Reforestation.html
Belt Line Center PACE-funded Green Roof,"The Belt Line Center building, located in Detroit, Michigan, property of Letts Industries, features a green-blue roof, along with a rain garden, showcasing the benefits of green infrastructure in historic properties. The project officially began in 2020 after securing PACE funding, marking the first use of commercial PACE financing for a green roof in Michigan. The project aligns with the city’s broader sustainability goals, integrating the building into Detroit’s expanding network of green spaces and bike paths.",completed,Detroit,United States,site,"[""Green roofs"", ""Rain gardens"", ""Sustainable urban drainage systems""]","[""Urban flooding"", ""Air quality improvement"", ""Climate change adaptation"", ""Climate change mitigation""]","[""Improved air quality"", ""Lowered local temperature""]","[{""description"": ""Achieved improved stormwater management"", ""type"": ""environmental""}, {""description"": ""Achieved energy efficiency improvements"", ""type"": ""environmental""}, {""description"": ""Achieved enhanced support of pollination"", ""type"": ""environmental""}, {""description"": ""Achieved attraction of business and investment"", ""type"": ""economic""}, {""description"": ""Achieved reduce financial cost for urban management"", ""type"": ""economic""}]","Led by non-government actors, initiated by Letts Industries.",https://una.city/nbs/detroit-fua/belt-line-center-pace-funded-green-roof,urban,119_Belt_Line_Center_PACE-funded_Green_Roof.html
Belvedere College Urban Farm,"The Belvedere College Urban Farm is run by students from the school and by the Urban Farm start-up. The complex consists of a greenhouse and an open farm, both situated on the rooftop of Belvedere College. The project serves as a testing ground for researching sustainable farming practices, provides education and practical experience on the topic to students, and is part of a collaborative food network in the local area.",completed,"Dublin, Dublin (FUA)",Ireland,site,"[""green roofs"", ""community gardens and allotments"", ""allotments""]","[""water management"", ""green space, habitats and biodiversity"", ""environmental quality"", ""regeneration, land-use and urban development"", ""social justice, cohesion and equity"", ""sustainable consumption and production""]","[""improved air quality"", ""improved mental health""]","[{""description"": ""Lowered local temperature"", ""type"": ""environmental""}, {""description"": ""Improved air quality"", ""type"": ""environmental""}, {""description"": ""Improved stormwater management"", ""type"": ""environmental""}, {""description"": ""Increased green space area"", ""type"": ""environmental""}, {""description"": ""Increased access to healthy/affordable food"", ""type"": ""social""}, {""description"": ""Increased knowledge of locals about local nature"", ""type"": ""social""}]","Led by non-government actors, involving students and Urban Farm project staff.",https://una.city/nbs/dublin/belvedere-college-urban-farm,urban,120_Belvedere_College_Urban_Farm.html
Belvoirpark,"The Belvoirpark has its origins in the 19th century and is one of the oldest landscaped gardens in the region. Set on a beautiful location close to the lake with views of the city and the mountains, the Belvoirpark has retained its specific topography with large level differences and exotic trees. A huge transformation of the Belvoirpark area was done to make the park more green from 2004 – 2015.",completed,Zürich,Switzerland,neighborhood,"[""Parks and urban forests"", ""Large urban parks or forests""]","[""Green space, habitats and biodiversity (SDG 15)"", ""Environmental quality"", ""Health and well-being (SDG 3)""]","[""Enabling opportunities for physical activity""]","[{""description"": ""Lowered local temperature"", ""type"": ""environmental""}, {""description"": ""Reduced biodiversity loss"", ""type"": ""environmental""}, {""description"": ""Attraction of business and investment"", ""type"": ""economic""}, {""description"": ""Increased opportunities for social interaction"", ""type"": ""social""}, {""description"": ""Protection of natural heritage"", ""type"": ""social""}]",Co-governance with government and non-government actors,https://una.city/nbs/zurich/belvoirpark,urban,121_Belvoirpark.html
Ben Rhydding Gravel Pits LNR,"Ben Rhydding Gravel Pits Nature Reserve has a variety of habitats. The site is largely artificial, originating from former gravel pits. The river gravels were of good quality and represented an important local source for the construction industry. The reserve is owned by Bradford Council and managed by Wharfedale Naturalists Society volunteers.",completed,Ilkley,United Kingdom,neighborhood,"[""Grey infrastructure featuring greens"", ""Blue infrastructure"", ""Riverbank/Lakeside greens"", ""Rivers/streams/canals/estuaries""]","[""Green space, habitats and biodiversity (SDG 15)"", ""Social justice, cohesion and equity (SDG 10)"", ""Health and well-being (SDG 3)"", ""Cultural heritage and cultural diversity""]","[""Creation of opportunities for recreation""]","[{""description"": ""Improved water quality"", ""type"": ""environmental""}, {""description"": ""Increased green space area"", ""type"": ""environmental""}, {""description"": ""Reduced biodiversity loss"", ""type"": ""environmental""}, {""description"": ""Increased number of species present"", ""type"": ""environmental""}, {""description"": ""Increased protection of threatened species"", ""type"": ""environmental""}, {""description"": ""Improved access to urban green space"", ""type"": ""social""}, {""description"": ""Increased opportunities for social interaction"", ""type"": ""social""}, {""description"": ""Increased knowledge of locals about local nature"", ""type"": ""social""}]",The Ben Rhydding Gravel Pits Reserve is managed by the Wharfedale Naturalists Society (WNS) in partnership with City of Bradford Metropolitan District Council (CBMDC).,https://una.city/nbs/bradford/ben-rhydding-gravel-pits-lnr,urban,122_Ben_Rhydding_Gravel_Pits_LNR.html
Benacantil vegetation restoration project,"The action proposed by the Municipal Technical Service of Parks and Gardens at the Department of the Environment, aims at the regeneration of the forest with the repopulation of pines of different ages, to imitate a mountain in a natural state with the plantation of the Cartagena Cypress and Tetraclinex articulata, which has a good adaptation to the environment. Several plots have been repopulated with shrubs and trees, and the project contemplates the construction of two viewpoints and a new irrigation system for sustainable water use.",ongoing,Alicante,Spain,neighborhood,"[""Parks and urban forests"", ""Large urban parks or forests""]","[""Water management (SDG 6)"", ""Improvements to water quality"", ""Green space, habitats and biodiversity (SDG 15)"", ""Habitat and biodiversity restoration"", ""Habitat and biodiversity conservation"", ""Green space creation and/or management"", ""Regeneration, land-use and urban development"", ""Promote natural styles of landscape design for urban development"", ""Health and well-being (SDG 3)"", ""Enabling opportunities for physical activity"", ""Creation of opportunities for recreation"", ""Economic development and employment (SDG 8)"", ""Tourism support"", ""Cultural heritage and cultural diversity"", ""Protection of historic and cultural landscape/infrastructure""]","[""Improved physical health"", ""Gain in activities for recreation and exercise""]","[{""description"": ""Enhanced carbon sequestration"", ""type"": ""environmental""}, {""description"": ""Increased conservation or restoration of ecosystems"", ""type"": ""environmental""}, {""description"": ""Improved access to urban green space"", ""type"": ""social""}, {""description"": ""Increased awareness of flora and fauna as culturally and historically meaningful"", ""type"": ""social""}, {""description"": ""More sustainable tourism"", ""type"": ""economic""}]",Local government/municipality,https://una.city/nbs/alicantealacant/benacantil-vegetation-restoration-project,urban,123_Benacantil_vegetation_restoration_project.html
Benchakitti Forest Park,"Benchakitti Forest Park was created as the extension of the existing Benchakitti Water Park, which is located near the central business district of Bangkok, Thailand. The Forest Park is built in an old Thai Tobacco Factory area. The main concept of the park is to bring the forest into the city and support urban biodiversity while offering leisure activities for the people.",ongoing,Bangkok,Thailand,neighborhood,"[""in-land wetlands, peatlands, swamps, and moors"", ""community gardens"", ""swales and filter strips"", ""large urban parks or forests""]","[""Green space, habitats and biodiversity"", ""Regeneration, land-use and urban development"", ""Water management"", ""Health and well-being"", ""Social justice, cohesion and equity"", ""Sustainable consumption and production""]","[""Enabling opportunities for physical activity"", ""Creation of opportunities for recreation""]","[{""description"": ""Improved air quality"", ""type"": ""environmental""}, {""description"": ""Improved water quality"", ""type"": ""environmental""}, {""description"": ""Increased green space area"", ""type"": ""environmental""}, {""description"": ""Stimulate development in deprived areas"", ""type"": ""economic""}, {""description"": ""Improved access to urban green space"", ""type"": ""social""}, {""description"": ""Gain in activities for recreation and exercise"", ""type"": ""social""}]",Government-led,https://una.city/nbs/bangkok/benchakitti-forest-park,urban,124_Benchakitti_Forest_Park.html
Bercsényi grove and its surroundings,"Bercsényi grove, a large public park, was rehabilitated and functionally extended as part of the socially sensitive urban regeneration project of Győr-Újváros, a stigmatized, relatively underdeveloped area. The area of the park is divided into three main parts, 1. a recreational park including playgrounds, 2. a sports park and 3. a 'traffic park' where children can learn interactively learn the rules of the road in a playful way. Although the project was mainly aimed at creating a place for active recreation, the intervention included the rehabilitation of the green areas and the plantation of several tree lines.",completed,Győr,Hungary,neighborhood,"[""Grey infrastructure featuring greens"", ""Alley or street trees and other street vegetation"", ""Green playgrounds and school grounds"", ""Parks and urban forests"", ""Pocket parks/neighbourhood green spaces""]","[""Green space, habitats and biodiversity (SDG 15)"", ""Social justice, cohesion and equity (SDG 10)"", ""Health and well-being (SDG 3)"", ""Economic development and employment (SDG 8)""]","[""Enabling opportunities for physical activity"", ""Creation of opportunities for recreation""]","[{""description"": ""Restoration of derelict areas"", ""type"": ""environmental""}, {""description"": ""Stimulate development in deprived areas"", ""type"": ""economic""}, {""description"": ""Improved access to urban green space"", ""type"": ""social""}, {""description"": ""Increased opportunities for social interaction"", ""type"": ""social""}, {""description"": ""Gain in activities for recreation and exercise"", ""type"": ""social""}]",Local government/municipality,https://una.city/nbs/gyor/bercsenyi-grove-and-its-surroundings,urban,125_Bercsényi_grove_and_its_surroundings.html
Bernetal Green Corridor,The Green Corridor Bernetal developing on the site of the former sewerage system will link the downtown of Essen with the districts of Altenessen and Freiräumen in the North of the city. New green and blue infrastructure will be introduced along the modernized way available also for pedestrians and cyclists. The project is developed along with the city policy towards environmental regeneration of the Emscher region.,ongoing,Essen,Germany,neighborhood,"[""Parks and urban forests"", ""Green corridors and green belts"", ""Blue infrastructure"", ""Rivers/streams/canals/estuaries"", ""Green areas for water management"", ""Sustainable urban drainage systems""]","[""Climate action for adaptation, resilience and mitigation (SDG 13)"", ""Climate change adaptation"", ""Water management (SDG 6)"", ""Stormwater and rainfall management and storage"", ""Improvements to water quality"", ""Green space, habitats and biodiversity (SDG 15)"", ""Green space creation and/or management"", ""Environmental quality"", ""Waste management"", ""Regeneration, land-use and urban development"", ""Conversion of former industrial areas""]",[],"[{""description"": ""Improved waste management"", ""type"": ""environmental""}, {""description"": ""Improved water quality"", ""type"": ""environmental""}, {""description"": ""Improved stormwater management"", ""type"": ""environmental""}, {""description"": ""Increased green space area"", ""type"": ""environmental""}, {""description"": ""Increased ecological connectivity across regeneration sites and scales"", ""type"": ""environmental""}, {""description"": ""Stimulate development in deprived areas"", ""type"": ""economic""}, {""description"": ""Attraction of business and investment"", ""type"": ""economic""}, {""description"": ""Improved access to urban green space"", ""type"": ""social""}]",Local government/municipality,https://una.city/nbs/essen/bernetal-green-corridor,urban,126_Bernetal_Green_Corridor.html
Beta-Promenade,"Extending from Kalasadam to the Noblessner quarter, the beta-promenade is a simple footpath along the seaside (from the fish market of the Fishing Harbor to the port town of Noblessner), created by removing fences, opening up gates and fortifying the shore. It is a project for public space creation in Tallinn Seaside by Linnalabor, where the seafront area is heightened in the public interest.",completed,Tallinn,Estonia,neighborhood,"[""Parks and urban forests"", ""Pocket parks/neighbourhood green spaces"", ""Blue infrastructure"", ""Coastlines""]","[""Green space, habitats and biodiversity (SDG 15)"", ""Social justice, cohesion and equity (SDG 10)"", ""Health and well-being (SDG 3)"", ""Cultural heritage and cultural diversity""]","[""Improving physical health"", ""Improved mental health"", ""Enabling opportunities for physical activity"", ""Creation of opportunities for recreation""]","[{""description"": ""Increased green space area"", ""type"": ""environmental""}, {""description"": ""Restoration of derelict areas"", ""type"": ""environmental""}, {""description"": ""More sustainable tourism"", ""type"": ""economic""}, {""description"": ""Improved access to urban green space"", ""type"": ""social""}, {""description"": ""Increased opportunities for social interaction"", ""type"": ""social""}, {""description"": ""Improved physical health"", ""type"": ""social""}, {""description"": ""Improved mental health"", ""type"": ""social""}, {""description"": ""Gain in activities for recreation and exercise"", ""type"": ""social""}]",Co-governance with government and non-government actors,https://una.city/nbs/tallinn/beta-promenade,urban,127_Beta-Promenade.html
Bethune Elementary School Tree Planting,"Urban areas are particularly vulnerable to climate change due to the extensive use of concrete and asphalt, higher levels of pollution, increased population densities, and the concentration of infrastructure, all of which amplify the effects of extreme heat, drought, and severe weather. In 2023, dozens of volunteers from Bethune Elementary School planted 33 trees on the school grounds to provide future shade and help cool the environment. The project was funded by Arizona’s Public Service (APS) Community Tree Program, which aims to reduce the urban heat island effect by increasing tree canopy coverage in vulnerable communities.",completed,Phoenix,United States,site,"[""green playgrounds and school grounds""]","[""urban heat"", ""climate change adaptation"", ""climate change mitigation""]","[""improved physical health""]","[{""description"": ""Lowered local temperature"", ""type"": ""environmental""}, {""description"": ""Enhanced carbon sequestration"", ""type"": ""environmental""}, {""description"": ""Increased sense of place identity, memory and belonging"", ""type"": ""social""}, {""description"": ""Improved community safety to climate-related hazards"", ""type"": ""social""}]","Led by non-government actors, including Trees Matter and Arizona Public Service (APS)",https://una.city/nbs/phoenix-fua/bethune-elementary-school-tree-planting,urban,128_Bethune_Elementary_School_Tree_Planting.html
Bicycle parking space with green grass roof,Architect Santiago Calatrava is set to create a grass-topped office block on the plaza in front of Stadelhofen Station in Zurich with public parking for 1000 bicycles on the ground level. The project is expected to provide a good habitat for some species with controlling the seasonal cooling and heating of the building.,in-progress,Zurich,Switzerland,site,"[""green roofs"", ""green parking lots""]","[""Climate change mitigation"", ""Habitat and biodiversity restoration"", ""Green space creation and/or management""]",[],"[{""description"": ""Lowered local temperature"", ""type"": ""environmental""}, {""description"": ""Enhanced carbon sequestration"", ""type"": ""environmental""}, {""description"": ""Increased green space area"", ""type"": ""environmental""}, {""description"": ""Reduced biodiversity loss"", ""type"": ""environmental""}, {""description"": ""Increased number of species present"", ""type"": ""environmental""}, {""description"": ""Increased awareness of NBS and their benefits"", ""type"": ""social""}]","Led by non-government actors, with AXA and architect Santiago Calatrava involved.",https://una.city/nbs/zurich/bicycle-parking-space-green-grass-roof,urban,129_Bicycle_parking_space_with_green_grass_roof.html
Bidston Moss project,"Until the 1990's Bidston Moss was a landfill site and was 'unsafe for public access', thus giving a negative impression (close to several residential areas). Restoring work begun in 1995, and in 2006 development started in Bidston Moss through a Newlands scheme: including new features and landscape enhancements to 'unlock the full potential' of the area ('as a valued and well-used community woodland for local people and wildlife.').",completed,"Birkenhead, Wirral",United Kingdom,neighborhood,"[""Parks and urban forests"", ""Large urban parks or forests"", ""Blue infrastructure"", ""Lakes/ponds""]","[""Green space, habitats and biodiversity (SDG 15)"", ""Habitat and biodiversity restoration"", ""Green space creation and/or management"", ""Regeneration, land-use and urban development"", ""Conversion of former industrial areas"", ""Social justice, cohesion and equity (SDG 10)"", ""Social cohesion"", ""Social interaction"", ""Health and well-being (SDG 3)"", ""Enabling opportunities for physical activity"", ""Creation of opportunities for recreation"", ""Economic development and employment (SDG 8)"", ""Economic development: industry"", ""Economic development: service sectors"", ""Real estate development""]","[""Improved physical health"", ""Improved mental health"", ""Gain in activities for recreation and exercise""]","[{""description"": ""Improved waste management"", ""type"": ""environmental""}, {""description"": ""Improved soil quality"", ""type"": ""environmental""}, {""description"": ""Increased green space area"", ""type"": ""environmental""}, {""description"": ""Increased conversion of degraded land or soil"", ""type"": ""environmental""}, {""description"": ""Restoration of derelict areas"", ""type"": ""environmental""}, {""description"": ""Stimulate development in deprived areas"", ""type"": ""economic""}, {""description"": ""Generation of income from NBS"", ""type"": ""economic""}, {""description"": ""Increased market share for green economies"", ""type"": ""economic""}, {""description"": ""Increased perception of safety"", ""type"": ""social""}, {""description"": ""Improved social cohesion"", ""type"": ""social""}, {""description"": ""Increased knowledge of locals about local nature"", ""type"": ""social""}, {""description"": ""Increased awareness of NBS and their benefits"", ""type"": ""social""}]",Co-governance with government and non-government actors,https://una.city/nbs/wirral/bidston-moss-project,urban,130_Bidston_Moss_project.html
Bilbao Roof Top Community Garden,"The project focused on the creation of a rooftop community garden located near a metro station in Bilbao that aims at educating the residents of the neighborhood on how to grow vegetables, how to eat healthily but also offers free practice hours for every person that wants to have their own plot. The project was initiated by the Bilbao's Center of Innovation, a center that aims to contribute to the economic, strategic and solidarity development of the Municipality of Bilbao.",completed,Bilbao,Spain,site,"[""green roofs"", ""community gardens""]","[""Green space, habitats and biodiversity (SDG 15)"", ""Social justice, cohesion and equity (SDG 10)"", ""Health and well-being (SDG 3)"", ""Sustainable consumption and production (SDG 12)""]","[""Gain in activities for recreation and exercise"", ""Increased access to healthy/affordable food""]","[{""description"": ""Increased green space area"", ""type"": ""environmental""}, {""description"": ""Improved social cohesion"", ""type"": ""social""}, {""description"": ""Increased visibility and opportunity for marginalised groups or indigenous peoples"", ""type"": ""social""}, {""description"": ""Increased opportunities for social interaction"", ""type"": ""social""}, {""description"": ""Increased awareness of NBS and their benefits"", ""type"": ""social""}]",Led by non-government actors,https://una.city/nbs/bilbao/bilbao-roof-top-community-garden,urban,131_Bilbao_Roof_Top_Community_Garden.html
Bio-Habitat,"The project opts for switching to more sustainable and organic ways of handling natural parks in the urban areas of the city of Bologna. The project was launched in 2008 and focused on 100 hectares, meaning 10 parks (out of the 1.100 total in the city). The goal is to develop maintenance techniques with low impact on local flora and fauna, stimulating biodiversity and an equilibrium with the surrounding urban environment, as well as the reduction of toxicity impacts for vulnerable residents (i.e. children and elderly people).",ongoing,Bologna,Italy,regional,"[""Parks and urban forests"", ""Large urban parks or forests"", ""Pocket parks/neighbourhood green spaces""]","[""Water management (SDG 6)"", ""Green space, habitats and biodiversity (SDG 15)"", ""Environmental quality"", ""Regeneration, land-use and urban development"", ""Social justice, cohesion and equity (SDG 10)"", ""Health and well-being (SDG 3)"", ""Cultural heritage and cultural diversity""]","[""Improved physical health"", ""Enabling opportunities for physical activity"", ""Creation of opportunities for recreation""]","[{""description"": ""Improved air quality"", ""type"": ""environmental""}, {""description"": ""Increased green space area"", ""type"": ""environmental""}, {""description"": ""Improved social cohesion"", ""type"": ""social""}, {""description"": ""Improved access to urban green space"", ""type"": ""social""}, {""description"": ""Increased opportunities for social interaction"", ""type"": ""social""}]",Local government/municipality,https://una.city/nbs/bologna/bio-habitat,urban,132_Bio-Habitat.html
Biodiver-city in Elba Park,"In 2015, 20,000 British Pounds have been raised to help wildlife in the Elba Park in Sunderland. The funding was granted to create new habitat for priority species in Shiney Row in Elba park. Community groups and schools were one of the major parts of the project. People were engaged to enhance their learning experience.",ongoing,Sunderland,United Kingdom,neighborhood,"[""Parks and urban forests"", ""Large urban parks or forests""]","[""Green space, habitats and biodiversity (SDG 15)"", ""Habitat and biodiversity restoration"", ""Green space creation and/or management""]",[],"[{""description"": ""Green space and habitat"", ""type"": ""environmental""}, {""description"": ""Reduced biodiversity loss"", ""type"": ""environmental""}, {""description"": ""Increased number of species present"", ""type"": ""environmental""}, {""description"": ""Increased protection of threatened species"", ""type"": ""environmental""}, {""description"": ""Increased support for education and scientific research"", ""type"": ""social""}, {""description"": ""Increased knowledge of locals about local nature"", ""type"": ""social""}]",Government-led,https://una.city/nbs/sunderland/biodiver-city-elba-park,unknown,133_Biodiver-city_in_Elba_Park.html
BiodiverCity,"The BiodiverCity-project aimed to develop products, services and processes which support and enhance the city’s biodiversity and thus contribute to a vision of a green, attractive and healthy city. The project had been divided in three steps, step 1 involving preliminary studies and step 2 was practical work for two years. During step 2 different cases were identified to test new ways to e.g. increase the city's biodiversity.",completed,Malmö,Sweden,regional,"[""green roofs"", ""green walls or facades"", ""alley or street trees and other street vegetation"", ""community gardens"", ""sustainable urban drainage systems""]","[""Green space, habitats and biodiversity (SDG 15)"", ""Health and well-being (SDG 3)""]","[""Improving physical health""]","[{""description"": ""Promotion of naturalistic styles of landscape design for urban development"", ""type"": ""environmental""}, {""description"": ""Increased green space area"", ""type"": ""environmental""}, {""description"": ""Increased number of species present"", ""type"": ""environmental""}, {""description"": ""Improved access to urban green space"", ""type"": ""social""}, {""description"": ""Increased access to healthy/affordable food"", ""type"": ""social""}, {""description"": ""Gain in activities for recreation and exercise"", ""type"": ""social""}]",Co-governance with government and non-government actors,https://una.city/nbs/malmo/biodivercity,urban,134_BiodiverCity.html
BiodiverCity - biodiversity initiatives in Leipzig,"With spaces for biodiversity being continuously threatened by urban development, the environmental association Ökolöwe Leipzig initiated a biodiversity-enhancing project during the 100th Catholic Day event in Leipzig in May 2016. Consisting of green interventions at four schoolyards all over Leipzig involving the active collaboration of students who are also expected to maintain the interventions into the future and 100 mobile high beds at the central city square for public display, the project objective was to demonstrate how to foster biodiversity even in limited urban spaces while also to raise awareness.",completed,Leipzig,Germany,site,"[""Grey infrastructure featuring greens"", ""Green playgrounds and school grounds"", ""Institutional green space"", ""Community gardens and allotments"", ""Community gardens""]","[""Green space, habitats and biodiversity (SDG 15)"", ""Habitat and biodiversity conservation"", ""Green space creation and/or management"", ""Regeneration, land-use and urban development"", ""Social justice, cohesion and equity (SDG 10)"", ""Environmental education"", ""Sustainable consumption and production (SDG 12)""]",[],"[{""description"": ""Increased green space area"", ""type"": ""environmental""}, {""description"": ""Increased knowledge of locals about local nature"", ""type"": ""social""}, {""description"": ""Increased awareness of NBS and their benefits"", ""type"": ""social""}]","Led by non-government actors, initiated by the environmental association 'Ökolöwe Leipzig' and the 'Geowerkstatt Leipzig'.",https://una.city/nbs/leipzig/biodivercity-biodiversity-initiatives-leipzig,urban,135_BiodiverCity_-_biodiversity_initiatives_in_Leipzig.html
Biodiversity conservation in Bologna,"The project focuses on the conservation of a locally rare plant (Dictamnus albus L.) and the community of its natural pollinators. At present, European natural populations of Dictamnus albus are declining because of the scarcity of pollination service; in addition to this, suitable habitats (woodland fringes and clearings) are becoming rare due to land-use changes as a result of the abandonment of traditional agro-sylvo-pastoral activities. This project assesses these issues by re-introducing and monitoring the plant in its natural habitat while re-establishing a suitable habitat for the plants and their natural pollinators.",completed,"Località Farneto, San Lazzaro di Savena",Italy,regional,"[""Parks and urban forests"", ""Large urban parks or forests""]","[""Green space, habitats and biodiversity (SDG 15)"", ""Habitat and biodiversity restoration"", ""Regeneration, land-use and urban development"", ""Promote natural styles of landscape design for urban development""]",[],"[{""description"": ""Increased number of protection areas"", ""type"": ""environmental""}, {""description"": ""Increased conservation or restoration of ecosystems"", ""type"": ""environmental""}, {""description"": ""Reduced biodiversity loss"", ""type"": ""environmental""}, {""description"": ""Increased number of species present"", ""type"": ""environmental""}, {""description"": ""Increased protection of threatened species"", ""type"": ""environmental""}, {""description"": ""Enhanced support of pollination"", ""type"": ""environmental""}, {""description"": ""Increased ecological connectivity across regeneration sites and scales"", ""type"": ""environmental""}, {""description"": ""Cultural heritage and sense of place"", ""type"": ""social""}, {""description"": ""Improvement in people’s connection to nature"", ""type"": ""social""}, {""description"": ""Increased awareness of flora and fauna as culturally and historically meaningful"", ""type"": ""social""}, {""description"": ""Increased appreciation for natural spaces"", ""type"": ""social""}, {""description"": ""Increased support for education and scientific research"", ""type"": ""social""}, {""description"": ""Increased knowledge of locals about local nature"", ""type"": ""social""}, {""description"": ""Increased awareness of NBS and their benefits"", ""type"": ""social""}]","Led by non-government actors, involving researchers/university.",https://una.city/nbs/bologna/biodiversity-conservation-bologna,unknown,136_Biodiversity_conservation_in_Bologna.html
Biodiversity enhancement in the Forest of Avaize,"The park of 'Bois d'Avaize', with an area of 30 ha, is located south-east of Saint-Étienne on a hill site between 540 and 640 m altitude. A former mining site, operated from the 15th century until 1931, it was gradually reclaimed by vegetation before being converted into a municipal park in 1996. In 2016, the site was selected for the development of a project to enhance biodiversity by creating of a conservatory orchard, increasing amphibian-friendly habitats, and improving the connection of the park with the Pilat massif.",completed,Saint Etienne,France,neighborhood,"[""Parks and urban forests"", ""Large urban parks or forests"", ""Green corridors and green belts"", ""Community gardens and allotments"", ""Horticulture"", ""Blue infrastructure"", ""Lakes/ponds""]","[""Climate action for adaptation, resilience and mitigation (SDG 13)"", ""Climate change mitigation"", ""Green space, habitats and biodiversity (SDG 15)"", ""Habitat and biodiversity restoration"", ""Habitat and biodiversity conservation"", ""Green space creation and/or management"", ""Cultural heritage and cultural diversity"", ""Preservation of natural heritage""]",[],"[{""description"": ""Enhanced carbon sequestration"", ""type"": ""environmental""}, {""description"": ""Improved soil quality"", ""type"": ""environmental""}, {""description"": ""Improved water quality"", ""type"": ""environmental""}, {""description"": ""Increased number of protection areas"", ""type"": ""environmental""}, {""description"": ""Increased green space area"", ""type"": ""environmental""}, {""description"": ""Increased conservation or restoration of ecosystems"", ""type"": ""environmental""}, {""description"": ""Increased number of species present"", ""type"": ""environmental""}, {""description"": ""Increased protection of threatened species"", ""type"": ""environmental""}, {""description"": ""Increased knowledge of locals about local nature"", ""type"": ""social""}]",Co-governance with government and non-government actors,https://una.city/nbs/saint-etienne/biodiversity-enhancement-forest-avaize,urban,137_Biodiversity_enhancement_in_the_Forest_of_Avaize.html
"Biodiversity garden, Irish language school","A part of the Translink Biodiversity Project, the garden will support a wide range of native wildlife and plant species as well as enhance pupils’ learning experience. The children of An Droichead will gain a new understanding of the environment around and a biodiversity community garden that could be used by the children and local community as an integral learning resource.",completed,Belfast,United Kingdom,site,"[""Community gardens"", ""Community gardens and allotments"", ""Green playgrounds and school grounds"", ""Grey infrastructure featuring greens""]","[""Green space, habitats and biodiversity (SDG 15)"", ""Social justice, cohesion and equity (SDG 10)"", ""Health and well-being (SDG 3)"", ""Regeneration, land-use and urban development""]","[""Creation of opportunities for recreation""]","[{""description"": ""Increased green space area"", ""type"": ""environmental""}, {""description"": ""Increased number of species present"", ""type"": ""environmental""}, {""description"": ""Increased opportunities for social interaction"", ""type"": ""social""}, {""description"": ""Gain in activities for recreation and exercise"", ""type"": ""social""}, {""description"": ""Increased support for education and scientific research"", ""type"": ""social""}, {""description"": ""Increased knowledge of locals about local nature"", ""type"": ""social""}]",Led by non-government actors,https://una.city/nbs/belfast/biodiversity-garden-irish-language-school,urban,138_Biodiversity_garden_Irish_language_school.html
Biodiversity hotspot on motorway junction,"In 1958 the former marsh 'Hellmansbruch', a botanical and zoological jewel, was drained to build the motorway junction Wuppertal North. Since 1990, the working group Nature and Environmental protection (ANU) which consists of volunteers, has maintained a protected landscape area of 3 ha (remains of the former marsh) with the regionally highest density of moorland spotted orchid in the middle of the transport junction. The project also includes the protection of endangered flora and fauna native to the area, including endangered amphibians.",ongoing,Wuppertal,Germany,neighborhood,"[""In-land wetlands, peatlands, swamps, and moors"", ""Other""]","[""Green space, habitats and biodiversity (SDG 15)"", ""Cultural heritage and cultural diversity"", ""Social justice, cohesion and equity (SDG 10)""]",[],"[{""description"": ""Increased green space area"", ""type"": ""environmental""}, {""description"": ""Increased number of species present"", ""type"": ""environmental""}, {""description"": ""Increased appreciation for natural spaces"", ""type"": ""social""}]",Led by non-government actors,https://una.city/nbs/wuppertal/biodiversity-hotspot-motorway-junction,urban,139_Biodiversity_hotspot_on_motorway_junction.html
Biophilic Green Roof at Prestige University,"A low-rise building located within Prestige University's existing 32-acre campus in Indore will feature an entirely walkable, stepped green roof. The green roof is planned to be punctuated with courtyards for temperature regulation and accessible to its users from the ground level. This project targets problems related to central India's oppressive heat and aims to blend traditional Indian architecture with modern design.",ongoing,Indore,India,site,"[""green roofs"", ""nature in buildings (indoor)"", ""nature on buildings (external)""]","[""climate change adaptation"", ""green space creation and/or management"", ""promote natural styles of landscape design for urban development"", ""creation of opportunities for recreation"", ""social interaction""]","[""gain in activities for recreation and exercise""]","[{""description"": ""Lowered local temperature"", ""type"": ""environmental""}, {""description"": ""Energy efficiency improvements"", ""type"": ""environmental""}, {""description"": ""Improved access to urban green space"", ""type"": ""social""}, {""description"": ""Increased opportunities for social interaction"", ""type"": ""social""}, {""description"": ""Improvement in people’s connection to nature"", ""type"": ""social""}]","Led by non-government actors, with involvement from Prestige Education Society and Sanjay Puri Architects.",https://una.city/nbs/indore/biophilic-green-roof-prestige-university,urban,140_Biophilic_Green_Roof_at_Prestige_University.html
Bioswales for flood protection,"Following an extreme flood event on August 9th 2008 in Glendhu Park, eight houses experienced flooding and many more came within inches of being flooded. Two swales were constructed by Dublin City Council to provide surface water storage to ensure that no flooding will recur in a similar 100-year pluvial event. The swales are designed to self-drain back into the existing surface water sewer system following a severe storm event.",completed,"Dublin, Dublin (FUA)",Ireland,site,"[""swales and filter strips""]","[""flood protection"", ""water management""]",[],"[{""description"": ""Increased protection against flooding"", ""type"": ""environmental""}, {""description"": ""Improved stormwater management"", ""type"": ""environmental""}, {""description"": ""Increased perception of safety"", ""type"": ""social""}, {""description"": ""Increased involvement of locals in the management of green spaces"", ""type"": ""social""}, {""description"": ""Increased knowledge of locals about local nature"", ""type"": ""social""}]",Government-led,https://una.city/nbs/dublin/bioswales-flood-protection,urban,141_Bioswales_for_flood_protection.html
Biotope City Wienerberg,"Biotope City Wienerberg is located in the southern part of Vienna on a 5.4-hectare site that once housed a Coca-Cola factory. The project embodies the concept of an 'urban biotope', integrating urban and natural spaces to foster human-nature connections and social interactions. Its extensive green infrastructure, including trees and green roofs, aims to cool the microclimate, purify the air, enhance water retention, and create carbon sinks while providing habitats for local wildlife.",completed,"Wien, Vienna (FUA)",Austria,neighborhood,"[""Community gardens and allotments"", ""Green roofs"", ""Green walls or facades"", ""Pocket parks/neighbourhood green spaces""]","[""Climate change adaptation"", ""Air quality improvement"", ""Flood protection"", ""Improving mental health"", ""Improving physical health""]","[""Improved air quality"", ""Improved mental health"", ""Improving physical health""]","[{""description"": ""Achieved lowered local temperature"", ""type"": ""environmental""}, {""description"": ""Achieved enhanced carbon sequestration"", ""type"": ""environmental""}, {""description"": ""Achieved improved stormwater management"", ""type"": ""environmental""}, {""description"": ""Achieved increased green space area"", ""type"": ""environmental""}, {""description"": ""Achieved improved access to urban green space"", ""type"": ""social""}, {""description"": ""Achieved increased involvement of locals in the management of green spaces"", ""type"": ""social""}, {""description"": ""Achieved improved mental health"", ""type"": ""social""}]","Led by non-government actors, initiated by the Biotope City Foundation with collaboration from various stakeholders.",https://una.city/nbs/vienna-fua/biotope-city-wienerberg,urban,142_Biotope_City_Wienerberg.html
Biotope Schladitz,"The biotope Schladitz is the regenerated remains of a former installation for the dehydration of sewage sludge implemented in 1952 by the communal waterworks company which used to pump its sewage sludge into the municipality of Rackwitz North of Leipzig. Upon its termination (1990), the company conducted large regeneration works of the contaminated sites from 1991 until 2011. The area was renaturalized, a biotope was implemented with plants species to retain the toxic substances. Now the area is also used for nature experience, observation and environmental education for children and adults.",completed,Leipzig,Germany,neighborhood,"[""lakes/ponds"", ""in-land wetlands, peatlands, swamps, and moors""]","[""Environmental quality"", ""Green space, habitats and biodiversity (SDG 15)"", ""Regeneration, land-use and urban development"", ""Water management (SDG 6)"", ""Social justice, cohesion and equity (SDG 10)"", ""Economic development and employment (SDG 8)""]","[""Gain in activities for recreation and exercise""]","[{""description"": ""Improved water quality"", ""type"": ""environmental""}, {""description"": ""Enhanced protection and restoration of freshwater ecosystems"", ""type"": ""environmental""}, {""description"": ""Increased number of protection areas"", ""type"": ""environmental""}, {""description"": ""Increased conservation or restoration of ecosystems"", ""type"": ""environmental""}, {""description"": ""Increased number of species present"", ""type"": ""environmental""}, {""description"": ""Reduce financial cost for urban management"", ""type"": ""economic""}, {""description"": ""Increased support for education and scientific research"", ""type"": ""social""}, {""description"": ""Increased knowledge of locals about local nature"", ""type"": ""social""}]",Led by non-government actors,https://una.city/nbs/leipzig/biotope-schladitz,unknown,143_Biotope_Schladitz.html
Birkenhead park restoration,"Birkenhead Park is one of the most important public parks in Britain. It is registered Grade I in English Heritage’s Register of Parks and Gardens of Special Historic Interest. In 2002 to 2007, funding was made available to restore the park, and now in 2017 a master plan aims to further “enhance and secure” the park.",completed,Birkenhead,United Kingdom,neighborhood,"[""Parks and urban forests"", ""Large urban parks or forests"", ""Blue infrastructure"", ""Lakes/ponds""]","[""Climate change mitigation"", ""Improvements to water quality"", ""Habitat and biodiversity restoration"", ""Social cohesion"", ""Improving physical health""]","[""Improved physical health"", ""Enabling opportunities for physical activity"", ""Creation of opportunities for recreation""]","[{""description"": ""Improved water quality"", ""type"": ""environmental""}, {""description"": ""Increased green space area"", ""type"": ""environmental""}, {""description"": ""Improved physical health"", ""type"": ""social""}, {""description"": ""Increased support for education and scientific research"", ""type"": ""social""}]","Owned by Wirral Council. Wirral Council manages Birkenhead Park in partnership with many individuals, groups and organisations.",https://una.city/nbs/wirral/birkenhead-park-restoration,urban,144_Birkenhead_park_restoration.html
Bishan-Ang Mo Kio Park & Kallang River Restoration,"The redevelopment of the Bishan-Ang Mo Kio Park (Singapore) saw the naturalisation of the previously channelised Kallang River, as well as the installation of wetland cells as water cleansing biotopes and creation of butterfly habitats. Following its naturalisation, culminating in 2012, the now 3.2km meandering river is considered the park's highlight, merging seamlessly with the park's greenery and creating a blue-green recreational network well-integrated with nearby residential areas.",completed,Bishan-Ang Mo Kio Park,Singapore,neighborhood,"[""Blue infrastructure"", ""Rivers/streams/canals/estuaries"", ""In-land wetlands, peatlands, swamps, and moors"", ""Green areas for water management"", ""Rain gardens"", ""Swales and filter strips"", ""Sustainable urban drainage systems"", ""Grey infrastructure featuring greens"", ""Riverbank/Lakeside greens"", ""Parks and urban forests"", ""Large urban parks or forests""]","[""Climate change adaptation"", ""Flood protection"", ""Stormwater and rainfall management and storage"", ""Improvements to water quality"", ""Habitat and biodiversity restoration"", ""Green space creation and/or management""]","[""Creation of opportunities for recreation"", ""Improved mental health"", ""Improved physical health""]","[{""description"": ""Lowered local temperature"", ""type"": ""environmental""}, {""description"": ""Improved water quality"", ""type"": ""environmental""}, {""description"": ""Increased opportunities for social interaction"", ""type"": ""social""}, {""description"": ""Improved access to urban green space"", ""type"": ""social""}, {""description"": ""Reduced financial cost for urban management"", ""type"": ""economic""}]",Co-governance with government and non-government actors,https://una.city/nbs/singapore/bishan-ang-mo-kio-park-kallang-river-restoration,urban,145_Bishan-Ang_Mo_Kio_Park__Kallang_River_Restoration.html
Bishop Street Pocket Park,A temporary new pocket park in Bishop Street. Previously the plot had been boarded off since a 2009 fire led to a row of shops and takeaways being demolished. The park has been created to improve the derelict land on the corner of Bishop Street and Well Street before any future developments and is part of the second phase of city centre improvements following work which included transforming Broadgate and the station to Bull Yard link.,completed,Coventry,United Kingdom,site,"[""Parks and urban forests"", ""Pocket parks/neighbourhood green spaces""]","[""Green space, habitats and biodiversity (SDG 15)"", ""Green space creation and/or management""]","[""Gain in activities for recreation and exercise""]","[{""description"": ""Increased green space area"", ""type"": ""environmental""}, {""description"": ""Health and wellbeing"", ""type"": ""social""}]",Local government/municipality,https://una.city/nbs/coventry/bishop-street-pocket-park,urban,146_Bishop_Street_Pocket_Park.html
Bispetorvet,"The City Council transformed Bispetorve, from a public square, to a green urban space in the autumn of 2015 - available for a wide range of events and experiences - designed to attract life and activity. Bispetorvet was aimed to also play an important role as an attractive crossroads between Strøget, Store Torv, the new harbour area, light railway stop at Skolebakken and the harbour front car parks.",completed,Århus,Denmark,site,"[""Parks and urban forests"", ""Pocket parks/neighbourhood green spaces""]","[""Green space, habitats and biodiversity (SDG 15)"", ""Environmental quality"", ""Noise reduction"", ""Inclusive and effective governance (SDG 16)"", ""Social justice, cohesion and equity (SDG 10)"", ""Health and well-being (SDG 3)"", ""Economic development and employment (SDG 8)""]","[""Enabling opportunities for physical activity"", ""Creation of opportunities for recreation""]","[{""description"": ""Strengthened capacity to address climate hazards/natural disasters"", ""type"": ""environmental""}, {""description"": ""Improved air quality"", ""type"": ""environmental""}, {""description"": ""Promotion of naturalistic styles of landscape design for urban development"", ""type"": ""environmental""}, {""description"": ""Increased green space area"", ""type"": ""environmental""}, {""description"": ""Increased number of species present"", ""type"": ""environmental""}, {""description"": ""Attraction of business and investment"", ""type"": ""economic""}, {""description"": ""Improved social cohesion"", ""type"": ""social""}, {""description"": ""Improved access to urban green space"", ""type"": ""social""}, {""description"": ""Increased opportunities for social interaction"", ""type"": ""social""}, {""description"": ""Increased involvement of locals in the management of green spaces"", ""type"": ""social""}, {""description"": ""Gain in activities for recreation and exercise"", ""type"": ""social""}]",Co-governance with government and non-government actors,https://una.city/nbs/arhus/bispetorvet,urban,147_Bispetorvet.html
Bjerkedalen Park and Reopening of the Hovin River,"Bjerkedalen is a recently constructed park around the Hovin creek in Bjerke District. It is situated in the middle of a settlement block, which used to have few public spaces. The park now acts as a recreational area with lots of green space, a river and several facilities for outdoor activities. The construction of Bjerkedalen park incorporated the installment of several important blue-green structures and features such as planting native trees and plants along the river, providing open grassy areas as well as reopening the Hovin river from underground pipes, with the aim of improved water quality and flood prevention.",completed,Oslo,Norway,neighborhood,"[""Grey infrastructure featuring greens"", ""Blue infrastructure"", ""Riverbank/Lakeside greens"", ""Parks and urban forests"", ""Pocket parks/neighbourhood green spaces"", ""Lakes/ponds"", ""Rivers/streams/canals/estuaries""]","[""Climate action for adaptation, resilience and mitigation (SDG 13)"", ""Climate change adaptation"", ""Water management (SDG 6)"", ""Stormwater and rainfall management and storage"", ""Improvements to water quality"", ""Green space, habitats and biodiversity (SDG 15)"", ""Green space creation and/or management"", ""Health and well-being (SDG 3)"", ""Creation of opportunities for recreation""]","[""Gain in activities for recreation and exercise""]","[{""description"": ""Improved water quality"", ""type"": ""environmental""}, {""description"": ""Increased protection against flooding"", ""type"": ""environmental""}, {""description"": ""Enhanced protection and restoration of freshwater ecosystems"", ""type"": ""environmental""}, {""description"": ""Increased green space area"", ""type"": ""environmental""}, {""description"": ""Improved access to urban green space"", ""type"": ""social""}, {""description"": ""Increased opportunities for social interaction"", ""type"": ""social""}]",Local government/municipality,https://una.city/nbs/oslo/bjerkedalen-park-and-reopening-hovin-river,urban,148_Bjerkedalen_Park_and_Reopening_of_the_Hovin_River.html
Blackburn Meadows Wastewater Treatment Plant Upgrade,"Blackburn Meadows Wastewater Treatment Plant (WWTP) has a mesophilic anaerobic digestion facility, which enables the recycled sludge to be used on neighbouring farmlands as manure. It also enables the generation of renewable energy using combined heat and power units. All the upgrade works were to improve the quality of effluent being discharged into the River Don. Sheffield City Council and Yorkshire Water leased an unused part of the former sewage works, to turn into a nature reserve which provides habitat for migrating birds.",ongoing,Sheffield,United Kingdom,neighborhood,"[""Grey infrastructure featuring greens"", ""Blue infrastructure"", ""Riverbank/Lakeside greens"", ""Rivers/streams/canals/estuaries""]","[""Water management (SDG 6)"", ""Improvements to water quality"", ""Green space, habitats and biodiversity (SDG 15)"", ""Green space creation and/or management"", ""Environmental quality"", ""Waste management"", ""Economic development and employment (SDG 8)"", ""Employment/job creation""]",[],"[{""description"": ""Improved waste management"", ""type"": ""environmental""}, {""description"": ""Improved water quality"", ""type"": ""environmental""}, {""description"": ""Restoration of derelict areas"", ""type"": ""environmental""}]",Co-governance with government and non-government actors,https://una.city/nbs/sheffield/blackburn-meadows-wastewater-treatment-plant-upgrade,urban,149_Blackburn_Meadows_Wastewater_Treatment_Plant_Upgrade.html
Blossoms Day Nursery Garden,"The 'Painting the Town Green' project got to work with Blossoms Day Nursery, based at Wayfield Primary School. Working with parents of the two-year-olds who attend the nursery, they added more wildlife-friendly areas to the outdoor play space. The grounds are now home to colorful planters hung on the low fences, filled with bulbs which will flower in the Spring, and topped with miniature firs and winter pansies; a beehive-shaped compost bin. All of these things provide rich wildlife habitats and educational opportunities.",completed,Chatham,United Kingdom,site,"[""Green playgrounds and school grounds""]","[""Green space, habitats and biodiversity (SDG 15)"", ""Social justice, cohesion and equity (SDG 10)"", ""Health and well-being (SDG 3)""]","[""Creation of opportunities for recreation""]","[{""description"": ""Improved waste management"", ""type"": ""environmental""}, {""description"": ""Increased green space area"", ""type"": ""environmental""}, {""description"": ""Improved social cohesion"", ""type"": ""social""}, {""description"": ""Increased opportunities for social interaction"", ""type"": ""social""}, {""description"": ""Gain in activities for recreation and exercise"", ""type"": ""social""}, {""description"": ""Increased knowledge of locals about local nature"", ""type"": ""social""}]",Led by non-government actors,https://una.city/nbs/medway/blossoms-day-nursery-garden,urban,150_Blossoms_Day_Nursery_Garden.html
Blue Green Infrastructure Mapping,"The Blue-Green Infrastructure (BGI) Mapping is the initiative for Identification, Mapping, and Promotion of Blue and Green Infrastructures for Sustainable Urban Ecosystem in the city of Kathmandu. In line with the 2021 World Environment Day (WED) theme “Ecosystem Restoration”, the consortium of NAXA and Institute of Himalayan Risk Reduction (IHRR) officially launched the initiative. All the datasets will be made public through both the open data portal and the OpenStreetMaps.",ongoing,Kathmandu,Nepal,regional,"[""blue infrastructure"", ""lakes/ponds"", ""rivers/streams/canals/estuaries"", ""in-land wetlands, peatlands, swamps, and moors"", ""grey infrastructure featuring greens"", ""alley or street trees and other street vegetation"", ""green parking lots"", ""parks and urban forests"", ""large urban parks or forests"", ""pocket parks/neighbourhood green spaces""]","[""climate change adaptation"", ""flood protection"", ""habitat and biodiversity conservation"", ""promote natural styles of landscape design for urban development"", ""environmental education""]",[],"[{""description"": ""Strengthened capacity to address climate hazards/natural disasters"", ""type"": ""environmental""}, {""description"": ""Increased protection against flooding"", ""type"": ""environmental""}, {""description"": ""Improved stormwater management"", ""type"": ""environmental""}, {""description"": ""Reduced risk of damages by drought"", ""type"": ""environmental""}, {""description"": ""Enhanced protection and restoration of freshwater ecosystems"", ""type"": ""environmental""}, {""description"": ""Promotion of naturalistic styles of landscape design for urban development"", ""type"": ""environmental""}, {""description"": ""Increased involvement of locals in the management of green spaces"", ""type"": ""social""}, {""description"": ""Improvement in people’s connection to nature"", ""type"": ""social""}, {""description"": ""Increased support for education and scientific research"", ""type"": ""social""}, {""description"": ""Improved community safety to climate-related hazards"", ""type"": ""social""}]",Co-governance with government and non-government actors,https://una.city/nbs/kathmandu/blue-green-infrastructure-mapping,urban,151_Blue_Green_Infrastructure_Mapping.html
Blue Pearls for Berlin,"Berlin has faced severe water shortages in recent years, with ponds, small lakes, and pools suffering significantly. Recognizing the urgency, Berlin introduced the Eco-Account, a strategic reserve of areas and initiatives to mitigate the effects of urban development on nature and landscapes. Central to this is the Blue Pearls for Berlin program, focusing on revitalizing small water bodies to restore biodiversity and ecological balance.",ongoing,Berlin (FUA),Germany,regional,"[""Blue infrastructure"", ""Lakes/ponds"", ""Rivers/streams/canals/estuaries"", ""Riverbank/Lakeside greens""]","[""Climate change adaptation"", ""Habitat and biodiversity restoration"", ""Stormwater and rainfall management and storage"", ""Water security""]","[""Creation of opportunities for recreation""]","[{""description"": ""Lowered local temperature"", ""type"": ""environmental""}, {""description"": ""Improved stormwater management"", ""type"": ""environmental""}, {""description"": ""Enhanced protection and restoration of freshwater ecosystems"", ""type"": ""environmental""}, {""description"": ""Increased number of protection areas"", ""type"": ""environmental""}]",Co-governance with government and non-government actors,https://una.city/nbs/berlin-fua/blue-pearls-berlin,urban,152_Blue_Pearls_for_Berlin.html
Blue-Green Infrastructure in Neighborhood,"The project aims to completely redevelop ‘Rozemaai’, a neighborhood in Antwerp, focusing on climate change adaptation, green spaces, and recreation. This includes a sustainable drainage system in which storm water flows via swales into a water stream with nature-friendly river banks, trees and bushes in the neighborhood, green parking lots, allotments and recreational facilities such as picnic tables. Since 2019, the district has had a new, accessible park in which the Donkse brook plays a leading role.",ongoing,Antwerpen,Belgium,neighborhood,"[""Grey infrastructure featuring greens"", ""Alley or street trees and other street vegetation"", ""Green parking lots"", ""Blue infrastructure"", ""Riverbank/Lakeside greens"", ""Parks and urban forests"", ""Pocket parks/neighbourhood green spaces"", ""Community gardens and allotments"", ""Allotments"", ""Lakes/ponds"", ""Rivers/streams/canals/estuaries"", ""Green areas for water management"", ""Swales and filter strips"", ""Sustainable urban drainage systems""]","[""Climate change adaptation"", ""Stormwater and rainfall management and storage"", ""Green space creation and/or management"", ""Promote natural styles of landscape design for urban development"", ""Social justice and equity"", ""Social cohesion"", ""Enabling opportunities for physical activity"", ""Creation of opportunities for recreation""]","[""Gain in activities for recreation and exercise""]","[{""description"": ""Strengthened capacity to address climate hazards/natural disasters"", ""type"": ""environmental""}, {""description"": ""Increased protection against flooding"", ""type"": ""environmental""}, {""description"": ""Improved stormwater management"", ""type"": ""environmental""}, {""description"": ""Enhanced protection and restoration of freshwater ecosystems"", ""type"": ""environmental""}, {""description"": ""Increased green space area"", ""type"": ""environmental""}, {""description"": ""Stimulate development in deprived areas"", ""type"": ""economic""}, {""description"": ""Improved social cohesion"", ""type"": ""social""}, {""description"": ""Improved liveability"", ""type"": ""social""}, {""description"": ""Improved access to urban green space"", ""type"": ""social""}, {""description"": ""Increased visibility and opportunity for marginalised groups or indigenous peoples"", ""type"": ""social""}, {""description"": ""Increased opportunities for social interaction"", ""type"": ""social""}]",Co-governance with government and non-government actors,https://una.city/nbs/antwerpen/blue-green-infrastructure-neighborhood,urban,153_Blue-Green_Infrastructure_in_Neighborhood.html
Boathouse in Podjuchy by the Regalica river,"The initiative aims to ensure open access to the river Regalica for the local community and to create a multifunctional recreational area there. Given current spatial development plans, the chosen location is the only feasible solution to facilitate public access to the river. The project will address multiple NBS domains as its plans include: building new water stand, fishing place, and an observation deck, developing an ecological and educational path along the riverside, developing recreational spaces for the community including outdoor and cultural activities.",in-progress,Szczecin,Poland,neighborhood,"[""Grey infrastructure featuring greens"", ""Blue infrastructure"", ""Riverbank/Lakeside greens"", ""Rivers/streams/canals/estuaries""]","[""Green space, habitats and biodiversity (SDG 15)"", ""Inclusive and effective governance (SDG 16)"", ""Social justice, cohesion and equity (SDG 10)"", ""Health and well-being (SDG 3)"", ""Economic development and employment (SDG 8)""]","[""Enabling opportunities for physical activity"", ""Improving mental health"", ""Improving physical health"", ""Creation of opportunities for recreation""]",[],Co-governance with government and non-government actors,https://una.city/nbs/szczecin/boathouse-podjuchy-regalica-river,unknown,154_Boathouse_in_Podjuchy_by_the_Regalica_river.html
Bog Meadows Enhancement Project,"Bog Meadows is the last surviving remnants of the river Blackstaff's floodplain, which originally extended over 1,000 acres. This is an urban oasis composed of a mosaic of wetland, meadows, ponds, woodland, shrubs, and stream. The Bog Meadows Enhancement Project aimed to improve the access, grazing infrastructure, and overall appearance of the site.",completed,Belfast,United Kingdom,neighborhood,"[""Blue infrastructure"", ""Lakes/ponds"", ""Rivers/streams/canals/estuaries"", ""In-land wetlands, peatlands, swamps, and moors"", ""Parks and urban forests"", ""Large urban parks or forests""]","[""Green space, habitats and biodiversity"", ""Habitat and biodiversity restoration"", ""Green space creation and/or management"", ""Regeneration, land-use and urban development"", ""Social justice, cohesion and equity""]","[""Improved physical health"", ""Gain in activities for recreation and exercise""]","[{""description"": ""Increased green space area"", ""type"": ""environmental""}, {""description"": ""Improved social cohesion"", ""type"": ""social""}]",Co-governance with government and non-government actors,https://una.city/nbs/belfast/bog-meadows-enhancement-project,urban,155_Bog_Meadows_Enhancement_Project.html
Bohnenbach Park,The Bohnenback Park project was one of the first urban redevelopment measures in Bielefeld and was opened its gates for the public in May 2017. The park is the combination of blue and green areas in the Bethel district. It was created by exposing the Bohnenbach stream which previously had been piped and been flowing underground.,completed,Bielefeld,Germany,neighborhood,"[""Parks and urban forests"", ""Large urban parks or forests"", ""Pocket parks/neighbourhood green spaces"", ""Green corridors and green belts"", ""Blue infrastructure"", ""Rivers/streams/canals/estuaries""]","[""Green space, habitats and biodiversity (SDG 15)"", ""Regeneration, land-use and urban development"", ""Social justice, cohesion and equity (SDG 10)"", ""Health and well-being (SDG 3)""]","[""Enabling opportunities for physical activity"", ""Creation of opportunities for recreation""]","[{""description"": ""Social justice and cohesion"", ""type"": ""social""}, {""description"": ""Increased visibility and opportunity for marginalised groups or indigenous peoples"", ""type"": ""social""}, {""description"": ""Gain in activities for recreation and exercise"", ""type"": ""unknown""}, {""description"": ""Increased knowledge of locals about local nature"", ""type"": ""social""}]",Co-governance with government and non-government actors,https://una.city/nbs/bielefeld/bohnenbach-park,urban,156_Bohnenbach_Park.html
Botanical garden and its greenhouses renovation,"Located in the south of the town, this garden is an ideal place for family walks. Very popular, it also responds to a scientific vocation for the conservation of plant species from the five continents. The City of Rouen undertook the renovation of historic greenhouses, work on which was completed in 2019.",completed,Rouen,France,neighborhood,"[""Botanical gardens"", ""Parks and urban forests""]","[""Climate change mitigation"", ""Habitat and biodiversity conservation"", ""Environmental education"", ""Creation of opportunities for recreation""]","[""Improved physical health"", ""Gain in activities for recreation and exercise""]","[{""description"": ""Increased conservation or restoration of ecosystems"", ""type"": ""environmental""}, {""description"": ""Improved access to urban green space"", ""type"": ""social""}, {""description"": ""More sustainable tourism"", ""type"": ""economic""}]",Local government/municipality,https://una.city/nbs/rouen/botanical-garden-and-its-greenhouses-renovation,urban,157_Botanical_garden_and_its_greenhouses_renovation.html
Botanical garden enhancement,"The Jardin des Plantes represents a space rich in nature in the heart of the city and also hosts the Opera Theater of Saint-Etienne. In 2015, a thematic urban commission was set up to enhance the Jardin des Plantes while keeping its wild side but with controlled vegetation. Citizens requested that vegetation of walls be undertaken to avoid the flourish of unattractive tags.",completed,Saint-Étienne,France,neighborhood,"[""Green walls or facades"", ""Large urban parks or forests"", ""Botanical gardens""]","[""Green space, habitats and biodiversity (SDG 15)"", ""Environmental quality"", ""Inclusive and effective governance (SDG 16)"", ""Social justice, cohesion and equity (SDG 10)"", ""Health and well-being (SDG 3)"", ""Cultural heritage and cultural diversity""]","[""Enabling opportunities for physical activity"", ""Creation of opportunities for recreation""]","[{""description"": ""Improved air quality"", ""type"": ""environmental""}, {""description"": ""Increased green space area"", ""type"": ""environmental""}, {""description"": ""Improved social cohesion"", ""type"": ""social""}, {""description"": ""Gain in activities for recreation and exercise"", ""type"": ""social""}]","Led by non-government actors, involving citizens or community groups and district/neighbourhood associations.",https://una.city/nbs/saint-etienne/botanical-garden-enhancement,urban,158_Botanical_garden_enhancement.html
"Botanical garden in the forest ""Marszewo""","A botanical garden in a forest was created owing to the cooperation of Gdansk Forest District with the city of Gdynia and the University of Gdansk. It consists of 27 thematic collections, covering ca. 50 ha, and adjacent forest phytocoenoses. The garden is specialized in showcasing trees, shrubs and herbaceous plants of the nemoral and boreal zone, particularly species indigenous for the Pomorze Gdanskie region. The garden protects a collection of species endangered and rare in the region and protected by law, as well as an orchard of old forms of fruit trees and shrubs.",completed,Gdynia,Poland,site,"[""Parks and urban forests"", ""Large urban parks or forests"", ""Botanical gardens""]","[""Green space, habitats and biodiversity (SDG 15)"", ""Social justice, cohesion and equity (SDG 10)"", ""Cultural heritage and cultural diversity""]","[""Health and wellbeing"", ""Gain in activities for recreation and exercise""]","[{""description"": ""Promotion of naturalistic styles of landscape design for urban development"", ""type"": ""environmental""}, {""description"": ""Increased number of protection areas"", ""type"": ""environmental""}, {""description"": ""Increased conservation or restoration of ecosystems"", ""type"": ""environmental""}, {""description"": ""Increased number of species present"", ""type"": ""environmental""}, {""description"": ""Increased protection of threatened species"", ""type"": ""environmental""}, {""description"": ""Increase of green jobs (e.g. paid employment positions)"", ""type"": ""economic""}, {""description"": ""More sustainable tourism"", ""type"": ""economic""}, {""description"": ""Improved access to urban green space"", ""type"": ""social""}, {""description"": ""Improvement in people’s connection to nature"", ""type"": ""social""}, {""description"": ""Increased knowledge of locals about local nature"", ""type"": ""social""}]",Co-governance with government and non-government actors,https://una.city/nbs/gdynia/botanical-garden-forest-marszewo,forest,159_Botanical_garden_in_the_forest_Marszewo.html
Botanical garden restoration,"In 2016 the Municipality of Lisbon started the renovation of the Botanical Garden of Lisbon, declared in 2010 as a national heritage monument. The botanical garden is both a vital urban open space and a significant cultural landscape of the city. This Botanical Garden is home to an important collection of plants with economic value, reflecting the strong links to the Portuguese expansion and the routes of the navigators that spread them across the various continents.",ongoing,"Lisbon, Lisboa (FUA)",Portugal,neighborhood,"[""Parks and urban forests"", ""Botanical gardens"", ""Blue infrastructure"", ""Lakes/ponds"", ""Green areas for water management"", ""Sustainable urban drainage systems""]","[""Water management (SDG 6)"", ""Flood protection"", ""Stormwater and rainfall management and storage"", ""Green space, habitats and biodiversity (SDG 15)"", ""Habitat and biodiversity conservation"", ""Green space creation and/or management"", ""Economic development and employment (SDG 8)"", ""Tourism support"", ""Cultural heritage and cultural diversity"", ""Preservation of natural heritage""]",[],"[{""description"": ""Improved water quality"", ""type"": ""environmental""}, {""description"": ""Increased protection against flooding"", ""type"": ""environmental""}, {""description"": ""Improved stormwater management"", ""type"": ""environmental""}, {""description"": ""Increased green space area"", ""type"": ""environmental""}, {""description"": ""Increased number of protection areas"", ""type"": ""environmental""}, {""description"": ""Increased perception of safety"", ""type"": ""social""}, {""description"": ""Improved access to urban green space"", ""type"": ""social""}, {""description"": ""Protection of natural heritage"", ""type"": ""social""}, {""description"": ""Protection of historic and cultural landscape / infrastructure"", ""type"": ""social""}, {""description"": ""Increased support for education and scientific research"", ""type"": ""social""}]",Co-governance with government and non-government actors,https://una.city/nbs/lisboa/botanical-garden-restoration,urban,160_Botanical_garden_restoration.html
Botanical square Montessori,"The intervention to regenerate 5 squares in the city of Catania is a result of an announcement published by the EU, where European cities had the chance to present projects to get funds. Catania municipality was chosen for the importance of the areas from a historical and cultural perspective, and for the aim to insert green areas and vegetation both inside and outside the historical buildings. The square will see a new green area, in a process of linkage of nature and architecture.",completed,Catania,Italy,site,"[""Grey infrastructure featuring greens"", ""Alley or street trees and other street vegetation"", ""Parks and urban forests"", ""Pocket parks/neighbourhood green spaces""]","[""Green space, habitats and biodiversity (SDG 15)"", ""Health and well-being (SDG 3)"", ""Economic development and employment (SDG 8)""]",[],[],Co-governance with government and non-government actors,https://una.city/nbs/catania/botanical-square-montessori,urban,161_Botanical_square_Montessori.html
Boulevards in the housing estate of Bacieczki,"In 2016, owing to the participatory budget of Białystok, the citizens received a long-awaited outdoor gym and playground in the vacant green area of the city. The initiative aimed to increase public access to the green recreational area in the city, and connect the Białka riverside with residential boroughs. The project involved greenery planting and re-arrangement of the greenery (including some deforestation), revitalization of a pond and water purification, connecting walking and bicycle paths.",completed,Białystok,Poland,site,"[""Grey infrastructure featuring greens"", ""Alley or street trees and other street vegetation"", ""Parks and urban forests"", ""Pocket parks/neighbourhood green spaces"", ""Blue infrastructure"", ""Lakes/ponds""]","[""Water management (SDG 6)"", ""Improvements to water quality"", ""Green space, habitats and biodiversity (SDG 15)"", ""Green space creation and/or management"", ""Regeneration, land-use and urban development"", ""Regulation of built environment"", ""Health and well-being (SDG 3)"", ""Enabling opportunities for physical activity"", ""Creation of opportunities for recreation""]","[""Gain in activities for recreation and exercise""]","[{""description"": ""Improved water quality"", ""type"": ""environmental""}, {""description"": ""Enhanced protection and restoration of freshwater ecosystems"", ""type"": ""environmental""}, {""description"": ""Increased green space area"", ""type"": ""environmental""}, {""description"": ""Restoration of derelict areas"", ""type"": ""environmental""}, {""description"": ""Increased perception of safety"", ""type"": ""social""}, {""description"": ""Improved access to urban green space"", ""type"": ""social""}, {""description"": ""Increased involvement of locals in the management of green spaces"", ""type"": ""social""}]",Co-governance with government and non-government actors,https://una.city/nbs/bialystok/boulevards-housing-estate-bacieczki,urban,162_Boulevards_in_the_housing_estate_of_Bacieczki.html
Bowling Park Community Orchard,"Bowling Park is a public urban park and the key purpose is to grow fruit, develop wildlife habitats and create sociable urban green space as well as maximise the biodiversity of the site and minimise any adverse impact on the environment. The orchard, along with allotment sites, as a whole is a valuable part of the Green Infrastructure Network in Bradford. The orchard is developed on six disused allotment plots adjacent to Bowling Park.",completed,Bradford,United Kingdom,neighborhood,"[""Parks and urban forests"", ""Pocket parks/neighbourhood green spaces"", ""Community gardens and allotments"", ""Allotments"", ""Community gardens"", ""Blue infrastructure"", ""Lakes/ponds""]","[""Green space, habitats and biodiversity (SDG 15)"", ""Habitat and biodiversity conservation"", ""Green space creation and/or management"", ""Regeneration, land-use and urban development"", ""Promote natural styles of landscape design for urban development"", ""Social justice, cohesion and equity (SDG 10)"", ""Environmental education"", ""Social cohesion"", ""Social interaction"", ""Economic development and employment (SDG 8)"", ""Economic development: agriculture"", ""Sustainable consumption and production (SDG 12)"", ""Sustainable production""]",[],"[{""description"": ""Increased green space area"", ""type"": ""environmental""}, {""description"": ""Increased number of species present"", ""type"": ""environmental""}, {""description"": ""Enhanced support of pollination"", ""type"": ""environmental""}, {""description"": ""Generation of income from NBS"", ""type"": ""economic""}, {""description"": ""Fair distribution of social, environmental and economic benefits of the NBS project"", ""type"": ""social""}, {""description"": ""Increased opportunities for social interaction"", ""type"": ""social""}, {""description"": ""Protection of historic and cultural landscape / infrastructure"", ""type"": ""social""}, {""description"": ""Increased support for education and scientific research"", ""type"": ""social""}, {""description"": ""Increased knowledge of locals about local nature"", ""type"": ""social""}, {""description"": ""Increased awareness of NBS and their benefits"", ""type"": ""social""}]",Led by non-government actors; BEES Conservation volunteer group are the main group undertaking the management of the orchard.,https://una.city/nbs/bradford/bowling-park-community-orchard,urban,163_Bowling_Park_Community_Orchard.html
Brackwede derelict area,"On the derelict industrial plant in Brackwede, which was independent until 1973, a large leisure facility with an extensive range of leisure activities was planned. However, due to more recent findings, this direction was rejected and a natural green corridor was created with unique biotope areas that had developed over time from the abandoned bleaching ponds and meadows.",completed,Bielefeld,Germany,neighborhood,"[""Parks and urban forests"", ""Green corridors and green belts"", ""Blue infrastructure"", ""Lakes/ponds"", ""Rivers/streams/canals/estuaries""]","[""Green space, habitats and biodiversity (SDG 15)"", ""Habitat and biodiversity restoration"", ""Green space creation and/or management"", ""Regeneration, land-use and urban development"", ""Conversion of former industrial areas"", ""Promote natural styles of landscape design for urban development"", ""Health and well-being (SDG 3)"", ""Creation of opportunities for recreation""]","[""Gain in activities for recreation and exercise""]","[{""description"": ""Improved water quality"", ""type"": ""environmental""}, {""description"": ""Enhanced protection and restoration of freshwater ecosystems"", ""type"": ""environmental""}, {""description"": ""Promotion of naturalistic styles of landscape design for urban development"", ""type"": ""environmental""}, {""description"": ""Increased green space area"", ""type"": ""environmental""}, {""description"": ""Increased conservation or restoration of ecosystems"", ""type"": ""environmental""}, {""description"": ""Increased conversion of degraded land or soil"", ""type"": ""environmental""}, {""description"": ""Restoration of derelict areas"", ""type"": ""environmental""}, {""description"": ""Increased appreciation for natural spaces"", ""type"": ""social""}]",Local government/municipality,https://una.city/nbs/bielefeld/brackwede-derelict-area,urban,164_Brackwede_derelict_area.html
Bradford Beck project,"The Bradford Beck project is a pilot project looking at new ways of managing and improving rivers. The Bradford Beck is a small river system of around 11km that flows through the City of Bradford. The beck used to be known as the filthiest river in England. In this project, activities are aimed at bringing the becks back to life and full health, for long term restoration of the Beck.",ongoing,Bradford,United Kingdom,neighborhood,"[""Blue infrastructure"", ""Rivers/streams/canals/estuaries"", ""In-land wetlands, peatlands, swamps, and moors"", ""Grey infrastructure featuring greens"", ""Riverbank/Lakeside greens""]","[""Environmental quality"", ""Waste management"", ""Green space, habitats and biodiversity (SDG 15)"", ""Green space creation and/or management"", ""Water management (SDG 6)"", ""Improvements to water quality"", ""Health and well-being (SDG 3)"", ""Creation of opportunities for recreation""]",[],"[{""description"": ""Improved waste management"", ""type"": ""environmental""}, {""description"": ""Improved water quality"", ""type"": ""environmental""}, {""description"": ""Increased opportunities for social interaction"", ""type"": ""social""}, {""description"": ""Increased involvement of locals in the management of green spaces"", ""type"": ""social""}]",Co-governance with government and non-government actors,https://una.city/nbs/bradford/bradford-beck-project,urban,165_Bradford_Beck_project.html
Bradford Urban Garden,Work started on the Broadway shopping centre in 2004 but was halted due to the economic recession in 2008. A temporary urban park was opened on the derelict site after work on the Westfield development was halted for years. The urban garden was said to be an improvement to the city centre landscape in Bradford. The park does not exist any more due to the construction of the shopping mall - Bradford Urban Garden closed in 2014.,completed,Bradford,United Kingdom,site,"[""Parks and urban forests"", ""Pocket parks/neighbourhood green spaces""]","[""Green space, habitats and biodiversity (SDG 15)"", ""Green space creation and/or management"", ""Social justice, cohesion and equity (SDG 10)"", ""Social interaction"", ""Health and well-being (SDG 3)"", ""Creation of opportunities for recreation""]","[""Gain in activities for recreation and exercise""]","[{""description"": ""Increased green space area"", ""type"": ""environmental""}, {""description"": ""Restoration of derelict areas"", ""type"": ""environmental""}, {""description"": ""Improved access to urban green space"", ""type"": ""social""}, {""description"": ""Increased opportunities for social interaction"", ""type"": ""social""}]",Co-governance with government and non-government actors,https://una.city/nbs/bradford/bradford-urban-garden,urban,166_Bradford_Urban_Garden.html
Bremen buzzes - program for the protection of bees,"A city-wide initiative for the protection of bees developed by the BUND Bremen together with a number of local NGOs, local government and the citizens of Bremen. The project involved the planting of trees and wildflowers that will serve as a food for pollinators in different parts of the city as well as the provision of additional nesting places for the bees. It aims to protect the endangered bee species, increase biodiversity and beautify the city with the new plantings.",completed,Bremen,Germany,city,"[""Grey infrastructure featuring greens"", ""Alley or street trees and other street vegetation""]","[""Green space, habitats and biodiversity (SDG 15)"", ""Habitat and biodiversity restoration"", ""Habitat and biodiversity conservation"", ""Green space creation and/or management"", ""Inclusive and effective governance (SDG 16)"", ""Inclusive governance"", ""Cultural heritage and cultural diversity"", ""Preservation of natural heritage""]","[""Improved mental health"", ""More active mobility""]","[{""description"": ""Increased green space area"", ""type"": ""environmental""}, {""description"": ""Increased conservation or restoration of ecosystems"", ""type"": ""environmental""}, {""description"": ""Reduced biodiversity loss"", ""type"": ""environmental""}, {""description"": ""Increased protection of threatened species"", ""type"": ""environmental""}, {""description"": ""Enhanced support of pollination"", ""type"": ""environmental""}, {""description"": ""Improvement in people’s connection to nature"", ""type"": ""social""}, {""description"": ""Increased knowledge of locals about local nature"", ""type"": ""social""}, {""description"": ""Increased awareness of NBS and their benefits"", ""type"": ""social""}]",Co-governance with government and non-government actors,https://una.city/nbs/bremen/bremen-buzzes-program-protection-bees,urban,167_Bremen_buzzes_-_program_for_the_protection_of_bees.html
Bridgefoot Street Park,"After years of campaigning by local residents in the Liberties area, local authorities approved the idea of creating a park at Bridgefoot Street, instead of selling the area to developers who would have built a housing project there. The park will include lawns, flowers, trees, furniture, lighting, allotments, a community garden, a terrace, play space and play equipment and more. Bridgefoot St. Park will transform a derelict place and address the lack of green and recreational space in the area which locals had been campaigning against.",ongoing,Dublin,Ireland,neighborhood,"[""Parks and urban forests"", ""Large urban parks or forests"", ""Community gardens and allotments"", ""Community gardens"", ""Green areas for water management"", ""Swales and filter strips""]","[""Green space, habitats and biodiversity (SDG 15)"", ""Social justice, cohesion and equity (SDG 10)"", ""Health and well-being (SDG 3)""]","[""Improving mental health"", ""Improving physical health"", ""Creation of opportunities for recreation""]","[{""description"": ""Increased green space area"", ""type"": ""environmental""}, {""description"": ""Increased number of species present"", ""type"": ""environmental""}, {""description"": ""Restoration of derelict areas"", ""type"": ""environmental""}, {""description"": ""Decreased crime rates"", ""type"": ""social""}, {""description"": ""Improved social cohesion"", ""type"": ""social""}, {""description"": ""Improved mental health"", ""type"": ""social""}, {""description"": ""Increased knowledge of locals about local nature"", ""type"": ""social""}]",Co-governance with government and non-government actors,https://una.city/nbs/dublin/bridgefoot-street-park,urban,168_Bridgefoot_Street_Park.html
Bring Nature Home,"Bring Nature Home project, partly financed by and implemented under the New European Bauhaus programme by the organisation ""UrbanizeHub"", is an initiative focused on encouraging and helping the city of Iasi to become more green while strengthening urban communities. The project sought to transform an unused space in a residential area of a neighborhood in Iasi through a ""biophilic design"", with the involvement of the local community. The space was then transformed into a green area that would help the residents reconnect with nature.",completed,"Iași, Iaşi (FUA)",Romania,site,"[""Community gardens and allotments""]","[""Climate action for adaptation, resilience and mitigation (SDG 13)"", ""Green space, habitats and biodiversity (SDG 15)"", ""Health and well-being (SDG 3)"", ""Inclusive and effective governance (SDG 16)"", ""Social justice, cohesion and equity (SDG 10)""]","[""Creation of opportunities for recreation""]","[{""description"": ""Lowered local temperature"", ""type"": ""environmental""}, {""description"": ""Increased green space area"", ""type"": ""environmental""}, {""description"": ""Improved social cohesion"", ""type"": ""social""}, {""description"": ""Improved access to urban green space"", ""type"": ""social""}]",Led by non-government actors,https://una.city/nbs/iasi-fua/bring-nature-home,urban,169_Bring_Nature_Home.html
Brookley by the Bay,"Brookley by the Bay is a 98-acre new waterfront park project along Mobile Bay's western shore. The park aims to reconnect people with the Mobile waterfront and coastal ecosystem, serving both recreational and environmental purposes. It features sports facilities and social gathering spaces, while also focusing on habitat enhancement and flood protection.",ongoing,Mobile,United States,neighborhood,"[""Parks and urban forests"", ""Large urban parks or forests""]","[""Climate action for adaptation, resilience and mitigation (SDG 13)"", ""Coastal resilience and marine protection (SDG 14)"", ""Green space, habitats and biodiversity (SDG 15)"", ""Water management (SDG 6)"", ""Health and well-being (SDG 3)""]","[""Creation of opportunities for recreation"", ""Enabling opportunities for physical activity""]","[{""description"": ""Increased protection against sea level rise"", ""type"": ""environmental""}, {""description"": ""Improved protection against strong wind"", ""type"": ""environmental""}, {""description"": ""Expected improved access to urban green space"", ""type"": ""social""}, {""description"": ""Expected gain in activities for recreation and exercise"", ""type"": ""social""}]","Government-led, Local government/municipality",https://una.city/nbs/mobile-fua/brookley-bay,coastal,170_Brookley_by_the_Bay.html
Brunton Park Flood Alleviation Scheme,"The Brunton Park residential area in the northern part of Newcastle had a history of flooding as a result of urban growth in the local area and developments in the upper parts of the Ouseburn catchment. A total of 62 properties were at risk of sewer flooding whilst 74 properties were located within a flood zone. In 2014, the collaboration of the Northumbria Water, the Environmental Agency and the Newcastle City Council created the Brunton Park Flood Alleviation Scheme with the strategic objective to reduce the potential for flooding of adjacent properties from surface water and the Ouseburn, whilst also developing a sustainable, self-maintaining channel which supports environmental, social and economic purposes at the same time.",completed,Newcastle,United Kingdom,neighborhood,"[""sustainable urban drainage systems"", ""riverbank stabilization"", ""green areas for water management""]","[""flood protection"", ""stormwater and rainfall management and storage""]",[],"[{""description"": ""Increased protection against flooding"", ""type"": ""environmental""}, {""description"": ""Improved stormwater management"", ""type"": ""environmental""}, {""description"": ""Increased green space area"", ""type"": ""environmental""}, {""description"": ""Increased number of species present"", ""type"": ""environmental""}]",Co-governance with government and non-government actors,https://una.city/nbs/newcastle/brunton-park-flood-alleviation-scheme,urban,171_Brunton_Park_Flood_Alleviation_Scheme.html
Bryggervej,"Collaboration between the City of Aarhus and private property developer DOMIS Ejendomme has been recognised by the award of a silver certificate for sustainable urban planning for the Bryggervej project. The aim of the project is to try out various sustainability principles. Green and blue solutions are included in the project, e.g. green roofs, green facades, green open spaces and blue elements/water in the park areas to increase recreational values and add moisture to the dry urban air.",ongoing,Århus,Denmark,neighborhood,"[""green roofs"", ""green walls or facades"", ""green areas for water management"", ""sustainable urban drainage systems"", ""parks and urban forests"", ""pocket parks/neighbourhood green spaces""]","[""climate change adaptation"", ""water management"", ""green space creation and/or management"", ""health and well-being"", ""social cohesion""]","[""improved physical health"", ""improved mental health"", ""gain in activities for recreation and exercise""]","[{""description"": ""Improved air quality"", ""type"": ""environmental""}, {""description"": ""Increased property prices"", ""type"": ""economic""}, {""description"": ""Improvement in people’s connection to nature"", ""type"": ""social""}]",Collaboration between the City of Aarhus and the private property developer DOMIS Ejendomme.,https://una.city/nbs/arhus/bryggervej,urban,172_Bryggervej.html
Building Climate Change Resilience,"Kaysone experiences severe flooding events on an annual basis due to its location to the banks of Mekong river, as well as periodic storms, and past responses to these threats have focused on the Savanxay Market and the Southern Flood Gate, but with limited success. This intervention focuses on the development of an integrated adaptation plan for the area around the market and adjacent to the Mekong canal. This plan includes NBS-specific components considering how the market's parking area provides an important opportunity for bioengineering and green cover.",in-progress,Savannakhet,Laos,site,"[""Grey infrastructure featuring greens"", ""Green areas for water management"", ""Sustainable urban drainage systems""]","[""Flood protection"", ""Stormwater and rainfall management and storage"", ""Improvements to water quality"", ""Climate change adaptation""]","[""Gain in activities for recreation and exercise"", ""Improved access to urban green space""]","[{""description"": ""Strengthened capacity to address climate hazards/natural disasters"", ""type"": ""environmental""}, {""description"": ""Improved waste management"", ""type"": ""environmental""}, {""description"": ""Improved water quality"", ""type"": ""environmental""}, {""description"": ""Improved community safety to climate-related hazards"", ""type"": ""social""}, {""description"": ""Improved liveability"", ""type"": ""social""}]",Co-governance with government and non-government actors,https://una.city/nbs/kaysone-phomvihane/building-climate-change-resilience,urban,173_Building_Climate_Change_Resilience.html
Building Climate Change Resilience,"Battambang is projected to experience significant effects of climate change that will have a range of impacts including changes to hydrology and the frequency and intensity of flooding and droughts. As part of an Asian Development Bank project, a technical Climate Change Core Group was established to ensure that representatives from key sectors and levels of government work together to build resilience for the town and prepare the residents for the inevitable climate change impacts in the future. Three infrastructure systems in Battambang were identified for detailed vulnerability assessments and adaptation planning by the climate change Core Group.",in-progress,Battambang,Cambodia,regional,"[""blue infrastructure"", ""parks and urban forests""]","[""Climate change adaptation"", ""Flood protection"", ""Stormwater and rainfall management and storage""]","[""Creation of opportunities for recreation""]","[{""description"": ""Improved soil quality"", ""type"": ""environmental""}, {""description"": ""Improved water quality"", ""type"": ""environmental""}, {""description"": ""Increased protection against flooding"", ""type"": ""environmental""}, {""description"": ""Improved stormwater management"", ""type"": ""environmental""}, {""description"": ""Increased green space area"", ""type"": ""environmental""}, {""description"": ""Stimulate development in deprived areas"", ""type"": ""economic""}, {""description"": ""Improved access to urban green space"", ""type"": ""social""}, {""description"": ""Gain in activities for recreation and exercise"", ""type"": ""social""}, {""description"": ""Improved community safety to climate-related hazards"", ""type"": ""social""}]",Co-governance with government and non-government actors,https://una.city/nbs/battambang/building-climate-change-resilience,urban,174_Building_Climate_Change_Resilience.html
Building climate resilience through peri-urban agriculture,"The project “Enhancing climate resilience of Gorakhpur by buffering floods through climate-resilient peri-urban agriculture” is part of the Asian Cities Climate Change Resilience Network (ACCCRN) and financed by The Rockefeller Foundation. It was implemented by the Gorakhpur Environmental Action Group (GEAG) from June 2012 to May 2016 to demonstrate how ecosystem services generated by peri-urban agriculture can positively address the impacts of climate change in Gorakhpur, a city located in eastern Uttar Pradesh, India. The main project outcomes were focused on conserving peri-urban agricultural land areas as they serve to climate-proof cities and build resilience, enhance the livelihood and food security of vulnerable groups in peri-urban areas, as well as establish sustainable and climate-resilient models.",completed,Gorakhpur,India,regional,"[""community gardens and allotments"", ""allotments"", ""horticulture""]","[""climate change adaptation"", ""flood protection"", ""improvements to water quality"", ""green space creation and/or management"", ""soil quality improvement""]","[""improved food security"", ""increased access to healthy/affordable food""]","[{""description"": ""Improved waste management"", ""type"": ""environmental""}, {""description"": ""Improved soil quality"", ""type"": ""environmental""}, {""description"": ""Increased protection against flooding"", ""type"": ""environmental""}, {""description"": ""Increased green space area"", ""type"": ""environmental""}, {""description"": ""Improved social cohesion"", ""type"": ""social""}, {""description"": ""Increased involvement of locals in the management of green spaces"", ""type"": ""social""}, {""description"": ""Increased sustainability of agriculture practices"", ""type"": ""social""}]","Led by non-government actors, including the Gorakhpur Environmental Action Group (GEAG) and supported by various stakeholders.",https://una.city/nbs/gorakhpur/building-climate-resilience-through-peri-urban-agriculture,urban,175_Building_climate_resilience_through_peri-urban_agriculture.html
Building Coastal City Resilience in Pekalongan,"The project aims to build Coastal City Resilience to Climate Change Impacts and Natural Disasters in Pekalongan City, Central Java Province. It focuses on building resilience through training, mangrove ecosystem restoration, enhancement of coastal protection, and development of a Local Climate Adaptation Action Plan. The project employs a collaborative and participatory approach that is locally driven and involves those most at risk.",ongoing,Pekalongan City,Indonesia,neighborhood,"[""Coastal wetland, mangroves and salt marshes"", ""Blue infrastructure""]","[""Climate change adaptation"", ""Flood protection"", ""Coastal protection / hazard mitigation""]",[],"[{""description"": ""Improved water quality"", ""type"": ""environmental""}, {""description"": ""Increased protection against flooding"", ""type"": ""environmental""}, {""description"": ""Increased green space area"", ""type"": ""environmental""}, {""description"": ""Increased involvement of locals in the management of green spaces"", ""type"": ""social""}, {""description"": ""Fair distribution of social, environmental and economic benefits of the NBS project"", ""type"": ""social""}, {""description"": ""Increase of green jobs"", ""type"": ""economic""}]","Led by non-government actors, implemented by Kemitraan (Partnership for Governance Reform in Indonesia) with funding from the UN's Adaptation Fund.",https://una.city/nbs/pekalongan-city/building-coastal-city-resilience-pekalongan,coastal,176_Building_Coastal_City_Resilience_in_Pekalongan.html
Building coastal resilience for Muanda’s communities,"The Democratic Republic of the Congo’s coastal zone stretches 40 km and comprises the towns of Muanda, Banana and Nsiamfumu. The problem of coastal erosion has intensified since 1980 with the significant retreat of the coast in the Banana-Muanda segment, this retreat has been estimated as much as 2,300 meters. To respond to some of these complex challenges, the Department of Environment, Nature Conservation and Tourism, Democratic Republic of Congo implemented the present intervention partnering with the United Nations Development Programme (UNDP) and the Global Environment Facility (GEF).",ongoing,Muanda,Democratic Republic of the Congo,regional,"[""Blue infrastructure"", ""Coastlines"", ""Coastal wetland, mangroves and salt marshes"", ""Community gardens and allotments"", ""Horticulture""]","[""Climate action for adaptation, resilience and mitigation (SDG 13)"", ""Climate change adaptation"", ""Climate change mitigation"", ""Coastal resilience and marine protection (SDG 14)"", ""Coastal protection / hazard mitigation"", ""Marine and coastal biodiversity protection"", ""Green space, habitats and biodiversity (SDG 15)"", ""Habitat and biodiversity restoration"", ""Green space creation and/or management"", ""Water management (SDG 6)"", ""Flood protection"", ""Social justice, cohesion and equity (SDG 10)"", ""Environmental education""]",[],"[{""description"": ""Strengthened capacity to address climate hazards/natural disasters"", ""type"": ""environmental""}, {""description"": ""Enhanced carbon sequestration"", ""type"": ""environmental""}, {""description"": ""Improved soil quality"", ""type"": ""environmental""}, {""description"": ""Increased protection against flooding"", ""type"": ""environmental""}, {""description"": ""Increased green space area"", ""type"": ""environmental""}, {""description"": ""Reduced biodiversity loss"", ""type"": ""environmental""}, {""description"": ""Stimulate development in deprived areas"", ""type"": ""economic""}, {""description"": ""Increased visibility and opportunity for marginalised groups or indigenous peoples"", ""type"": ""social""}, {""description"": ""Increased knowledge of locals about local nature"", ""type"": ""social""}, {""description"": ""Increased awareness of NBS and their benefits"", ""type"": ""social""}, {""description"": ""Improved community safety to climate-related hazards"", ""type"": ""social""}]",Government-led,https://una.city/nbs/muanda/building-coastal-resilience-muandas-communities,coastal,177_Building_coastal_resilience_for_Muandas_communities.html
Building community-driven vertical gardens,"This intervention was initiated in 2014 in Agege, a slum and a city in itself belonging to Lagos. Agege is one of the 7th most populated low-income communities in Lagos with a total population of around 1,033,064 people. Climate change in Nigeria led to seasonal droughts and floods, causing pressures in terms of food security as well as high temperature and humidity levels which affect directly the economically disadvantaged population in the slums of Lagos.",completed,Agege,Nigeria,site,"[""green walls or facades"", ""balcony greens""]","[""climate change adaptation"", ""habitat and biodiversity conservation"", ""social justice and equity"", ""employment/job creation"", ""sustainable consumption"", ""sustainable production""]",[],"[{""description"": ""Lowered local temperature"", ""type"": ""environmental""}, {""description"": ""Increase of green jobs (e.g. paid employment positions)"", ""type"": ""economic""}, {""description"": ""Social justice and cohesion"", ""type"": ""social""}]","Led by non-government actors, initiated by researchers at the University of Cardiff.",https://una.city/nbs/agege/building-community-driven-vertical-gardens,urban,178_Building_community-driven_vertical_gardens.html
Building the town of NyE,"An integrated solution for groundwater, rainwater, waste water, streams and ponds creates attractive housing in a new suburb (NyE), with room for exciting architecture. The water cycle plays a key role in urban development in Denmark, and water is one of the ever-present elements in our lives. Århus needs to prevent flooding caused by climate change, avoid polluting our groundwater, and improve the environment in streams and ponds to allow the use of water to create recreational value for the residents.",ongoing,Århus,Denmark,neighborhood,"[""Parks and urban forests"", ""Pocket parks/neighbourhood green spaces"", ""Blue infrastructure"", ""Lakes/ponds"", ""Coastal wetland, mangroves and salt marshes"", ""Green areas for water management"", ""Sustainable urban drainage systems""]","[""Climate action for adaptation, resilience and mitigation (SDG 13)"", ""Climate change adaptation"", ""Water management (SDG 6)"", ""Flood protection"", ""Stormwater and rainfall management and storage"", ""Improvements to water quality"", ""Green space, habitats and biodiversity (SDG 15)"", ""Habitat and biodiversity restoration"", ""Green space creation and/or management"", ""Environmental quality"", ""Waste management"", ""Health and well-being (SDG 3)"", ""Enabling opportunities for physical activity"", ""Creation of opportunities for recreation"", ""Economic development and employment (SDG 8)"", ""Economic development: service sectors"", ""Real estate development""]","[""Improved physical health"", ""Gain in activities for recreation and exercise""]","[{""description"": ""Strengthened capacity to address climate hazards/natural disasters"", ""type"": ""environmental""}, {""description"": ""Improved waste management"", ""type"": ""environmental""}, {""description"": ""Improved water quality"", ""type"": ""environmental""}, {""description"": ""Increased protection against flooding"", ""type"": ""environmental""}, {""description"": ""Improved stormwater management"", ""type"": ""environmental""}, {""description"": ""Enhanced protection and restoration of freshwater ecosystems"", ""type"": ""environmental""}, {""description"": ""Increased property prices"", ""type"": ""economic""}, {""description"": ""Attraction of business and investment"", ""type"": ""economic""}, {""description"": ""Improved social cohesion"", ""type"": ""social""}, {""description"": ""Improved liveability"", ""type"": ""social""}, {""description"": ""Improved access to urban green space"", ""type"": ""social""}, {""description"": ""Increased opportunities for social interaction"", ""type"": ""social""}, {""description"": ""Increased sense of place identity, memory and belonging"", ""type"": ""social""}]",Co-governance with government and non-government actors,https://una.city/nbs/arhus/building-town-nye,urban,179_Building_the_town_of_NyE.html
Building With Nature: Mangrove Rehabilitation,"Extensive and low-lying, Suriname’s coastal region has been identified as highly vulnerable to climate-induced sea-level rise. The Suriname Building With Nature project has seen wooden, water penetrable dams being built to trap sediment and replant mangroves. This project aims to stop land degradation using ecosystem-based adaptation techniques and enhance biodiversity conservation.",ongoing,Paramaribo,Suriname,neighborhood,"[""coastal wetland, mangroves and salt marshes""]","[""flooding"", ""erosion"", ""climate change adaptation"", ""climate change mitigation""]",[],"[{""description"": ""Increased protection against sea level rise"", ""type"": ""environmental""}, {""description"": ""Improved soil quality"", ""type"": ""environmental""}, {""description"": ""Increased access to healthy/affordable food"", ""type"": ""social""}, {""description"": ""Increased sustainability of agriculture practices"", ""type"": ""social""}]","Led by non-government actors, initiated by researchers/university",https://una.city/nbs/paramaribo/building-nature-mangrove-rehabilitation,coastal,180_Building_With_Nature_Mangrove_Rehabilitation.html
Buku Jalanan Chow Kit Urban Farm,"To address the increasing pressure on urban green spaces, Buku Jalanan Chow Kit, an NGO in Kuala Lumpur initiated a green project where the local community could thrive, learn about the benefits of nature and use their ethnobotanical heritage. The project provided a way to enrich biodiversity and enhance the sustainability and resilience of the local communities. The current project will focus on creating a rooftop urban farm, biodiversity garden and playground on an existing building.",ongoing,Kuala Lumpur,Malaysia,site,"[""Community gardens and allotments"", ""Community gardens"", ""Horticulture"", ""Green roofs""]","[""Climate change adaptation"", ""Habitat and biodiversity restoration"", ""Green space creation and/or management"", ""Environmental education""]",[],"[{""description"": ""Increased green space area"", ""type"": ""environmental""}, {""description"": ""Reduced biodiversity loss"", ""type"": ""environmental""}, {""description"": ""Increase in agricultural production"", ""type"": ""economic""}, {""description"": ""Increased involvement of locals in the management of green spaces"", ""type"": ""social""}, {""description"": ""Increased knowledge of locals about local nature"", ""type"": ""social""}]",Led by non-government actors,https://una.city/nbs/kuala-lumpur/buku-jalanan-chow-kit-urban-farm,urban,181_Buku_Jalanan_Chow_Kit_Urban_Farm.html
Bundek Lake Cleaning and Renovation,"Bundek Park is one of the urban planning projects aimed to create a recreational and sports area for the citizens and tourists to support a healthy lifestyle. The project included cleaning of the informal waste disposal site and shrubs blocking access to the lakes, renovation of the access to the lakes, planting flowers and introduction of benches and water to allow citizens to use the lake for recreation and enjoy nature.",completed,Zagreb,Croatia,neighborhood,"[""Parks and urban forests"", ""Large urban parks or forests"", ""Blue infrastructure"", ""Lakes/ponds""]","[""Water management (SDG 6)"", ""Flood protection"", ""Improvements to water quality"", ""Green space, habitats and biodiversity (SDG 15)"", ""Habitat and biodiversity restoration"", ""Green space creation and/or management"", ""Environmental quality"", ""Air quality improvement"", ""Waste management"", ""Regeneration, land-use and urban development"", ""Promote natural styles of landscape design for urban development"", ""Inclusive and effective governance (SDG 16)"", ""Inclusive governance"", ""Effective management"", ""Health and well-being (SDG 3)"", ""Enabling opportunities for physical activity"", ""Improving mental health"", ""Creation of opportunities for recreation"", ""Economic development and employment (SDG 8)"", ""Tourism support"", ""Cultural heritage and cultural diversity"", ""Protection of historic and cultural landscape/infrastructure""]","[""Improved physical health"", ""Improved mental health"", ""Gain in activities for recreation and exercise""]","[{""description"": ""Improved air quality"", ""type"": ""environmental""}, {""description"": ""Improved waste management"", ""type"": ""environmental""}, {""description"": ""Improved soil quality"", ""type"": ""environmental""}, {""description"": ""Improved water quality"", ""type"": ""environmental""}, {""description"": ""Increased protection against flooding"", ""type"": ""environmental""}, {""description"": ""More sustainable tourism"", ""type"": ""economic""}, {""description"": ""Improved liveability"", ""type"": ""social""}, {""description"": ""Improved access to urban green space"", ""type"": ""social""}, {""description"": ""Increased opportunities for social interaction"", ""type"": ""social""}]",Local government/municipality,https://una.city/nbs/zagreb/bundek-lake-cleaning-and-renovation,urban,182_Bundek_Lake_Cleaning_and_Renovation.html
Butterfly booths in the city,"The project of building 100 butterfly booths in different locations of the city developed by BUND Bremen in cooperation with the Botanical Garden, Stadtgrün Bremen and implemented jointly with the citizens. The project additionally involved plantings of flowers and educational activities. It aimed at increasing biodiversity, increasing the protection of the endangered butterfly species as well as providing care instructions for the care of butterflies for the residents of Bremen.",completed,Bremen,Germany,site,"[""Parks and urban forests"", ""Pocket parks/neighbourhood green spaces""]","[""Green space, habitats and biodiversity (SDG 15)"", ""Habitat and biodiversity conservation"", ""Green space creation and/or management"", ""Inclusive and effective governance (SDG 16)"", ""Inclusive governance"", ""Social justice, cohesion and equity (SDG 10)"", ""Environmental education"", ""Cultural heritage and cultural diversity"", ""Preservation of natural heritage""]","[""unknown""]","[{""description"": ""Increased green space area"", ""type"": ""environmental""}, {""description"": ""Increased conservation or restoration of ecosystems"", ""type"": ""environmental""}, {""description"": ""Reduced biodiversity loss"", ""type"": ""environmental""}, {""description"": ""Improved access to urban green space"", ""type"": ""social""}, {""description"": ""Increased involvement of locals in the management of green spaces"", ""type"": ""social""}, {""description"": ""Increased knowledge of locals about local nature"", ""type"": ""social""}, {""description"": ""Increased awareness of NBS and their benefits"", ""type"": ""social""}]",Co-governance with government and non-government actors,https://una.city/nbs/bremen/butterfly-booths-city,urban,183_Butterfly_booths_in_the_city.html
Butterfly corridor,"This project aims to create a Butterfly corridor through the city of New Delhi by connecting local parks, residential gardens, biodiversity parks, and major forest areas. Various locations, mainly maintained by citizens, are developed as habitats for the butterflies by planting various kinds of host plants. The project is initiated by the Conservation Education Centre (CEC), a Delhi-based faction of the Bombay Natural History Society.",ongoing,New Delhi,India,regional,"[""Community gardens and allotments"", ""Green corridors and green belts"", ""Parks and urban forests""]","[""Green space, habitats and biodiversity"", ""Health and well-being"", ""Inclusive and effective governance"", ""Social justice, cohesion and equity""]","[""Creation of opportunities for recreation""]","[{""description"": ""Increased conservation or restoration of ecosystems"", ""type"": ""environmental""}, {""description"": ""Increased ecological connectivity across regeneration sites and scales"", ""type"": ""environmental""}, {""description"": ""Increased number of species present"", ""type"": ""environmental""}, {""description"": ""Increased opportunities for social interaction"", ""type"": ""social""}, {""description"": ""Increased knowledge of locals about local nature"", ""type"": ""social""}]","Led by non-government actors, specifically the Conservation Education Centre (CEC), in association with schools, colleges, residents and community groups.",https://una.city/nbs/new-delhi/butterfly-corridor,urban,184_Butterfly_corridor.html
Cacao farm at the Foyer de l'Espérance,"This project involves collaboration among government, private, and educational entities focused on developing an agroforestry initiative that integrates economic activity, labor market integration, and educational opportunities for young children at the “Foyer de l’Espérance” [school and child welfare center] in Fort-de-France. The objective is to plant 1,500 cacao trees on the Foyer's premises by 2025. These trees will serve as pedagogical support for teachers and children.",ongoing,Fort-de-France,Martinique,neighborhood,"[""Community gardens and allotments"", ""Parks and urban forests""]","[""Green space, habitats and biodiversity (SDG 15)"", ""Social justice, cohesion and equity (SDG 10)"", ""Economic development and employment (SDG 8)"", ""Sustainable consumption and production (SDG 12)""]",[],"[{""description"": ""Increased number of species present"", ""type"": ""environmental""}, {""description"": ""Achieved increase of green jobs (e.g. paid employment positions)"", ""type"": ""economic""}, {""description"": ""Increased involvement of locals in the management of green spaces"", ""type"": ""social""}, {""description"": ""Increased support for education and scientific research"", ""type"": ""social""}]","Led by non-government actors, initiated by the Espérance Martinique and the Frères Lauzéa, with support from public and private actors.",https://una.city/nbs/fort-de-france-fua/cacao-farm-foyer-de-lesperance,urban,185_Cacao_farm_at_the_Foyer_de_lEspérance.html
Cache la Poudre River Restoration,"The City of Fort Collins is ""taking steps to restore flows, fish passage, and ecological function"" of Colorado's Cache la Poudre River. The river was ""heavily manipulated for irrigation and mining"" throughout the early 20th century, and today continues subject to the impacts of gravel mining, agriculture and urbanisation. A suite of nature-based solutions has since been proposed and implemented by the City of Fort Collins, including the Sterling Pond Ecological Restoration and the McMurry Natural Area Ecological Restoration.",completed,Fort Collins,United States,regional,"[""Blue infrastructure"", ""Rivers/streams/canals/estuaries"", ""In-land wetlands, peatlands, swamps, and moors"", ""Riverbank/Lakeside greens"", ""Parks and urban forests""]","[""Climate change adaptation"", ""Flood protection"", ""Improvements to water quality"", ""Habitat and biodiversity restoration"", ""Green space creation and/or management""]","[""Improving physical health"", ""Creation of opportunities for recreation""]","[{""description"": ""Improved water quality"", ""type"": ""environmental""}, {""description"": ""Increased protection against flooding"", ""type"": ""environmental""}, {""description"": ""Improved stormwater management"", ""type"": ""environmental""}, {""description"": ""Health and wellbeing improvements"", ""type"": ""social""}, {""description"": ""Increased knowledge of locals about local nature"", ""type"": ""social""}, {""description"": ""Improved community safety to climate-related hazards"", ""type"": ""social""}]",Co-governance with government and non-government actors,https://una.city/nbs/fort-collins/cache-la-poudre-river-restoration,urban,186_Cache_la_Poudre_River_Restoration.html
Campus of the University of Bialystok,"Owing to European Funds, the University of Białystok opened a new modern ecological campus for the faculties of biology, mathematics and computer science. The new campus was designed to incorporate green and blue infrastructure elements, and embody the pro-ecological profile of the investment. Green vegetation covers the university's walls and roofs, which is nearly half of the 30,000 square meters big campus.",completed,Białystok,Poland,neighborhood,"[""green roofs"", ""green walls or facades"", ""sustainable urban drainage systems"", ""lakes/ponds"", ""institutional green space"", ""alley or street trees and other street vegetation""]","[""Water management (SDG 6)"", ""Green space, habitats and biodiversity (SDG 15)"", ""Regeneration, land-use and urban development"", ""Social justice, cohesion and equity (SDG 10)"", ""Health and well-being (SDG 3)""]","[""Creation of opportunities for recreation""]","[{""description"": ""Improved water quality"", ""type"": ""environmental""}, {""description"": ""Increased protection against flooding"", ""type"": ""environmental""}, {""description"": ""Improved stormwater management"", ""type"": ""environmental""}, {""description"": ""Increased green space area"", ""type"": ""environmental""}, {""description"": ""Improvement in people’s connection to nature"", ""type"": ""social""}, {""description"": ""Increased awareness of NBS and their benefits"", ""type"": ""social""}]",Led by non-government actors,https://una.city/nbs/bialystok/campus-university-bialystok,urban,187_Campus_of_the_University_of_Bialystok.html
Canal restoration in Cagliari,"The Cagliari Canal project is an initiative aimed at revitalizing and transforming the urban and natural landscape of the Cagliari Metropolitan Area in Sardinia. The project seeks to restore and enhance the navigability of the Terramaini-La Palma canal, which had become disused and neglected over time. It aims to provide alternative, sustainable mobility options, improve connectivity between municipalities, and enhance the natural and urban environments.",ongoing,Cagliari,Italy,neighborhood,"[""Blue infrastructure"", ""Rivers/streams/canals/estuaries"", ""Parks and urban forests"", ""Pocket parks/neighbourhood green spaces"", ""Green corridors and green belts""]","[""Climate change adaptation"", ""Air quality improvement"", ""Flood protection"", ""Improvements to water quality"", ""Creation of opportunities for recreation""]","[""Improved air quality"", ""Creation of opportunities for recreation""]","[{""description"": ""Lowered local temperature"", ""type"": ""environmental""}, {""description"": ""Reduced emissions"", ""type"": ""environmental""}, {""description"": ""Increased protection against flooding"", ""type"": ""environmental""}, {""description"": ""Increased green space area"", ""type"": ""environmental""}, {""description"": ""Improved social cohesion"", ""type"": ""social""}, {""description"": ""Increased opportunities for social interaction"", ""type"": ""social""}, {""description"": ""Increased knowledge of locals about local nature"", ""type"": ""social""}, {""description"": ""Expected more sustainable tourism"", ""type"": ""economic""}, {""description"": ""Expected increased property prices"", ""type"": ""economic""}]",Local government/municipality,https://una.city/nbs/cagliari-fua/canal-restoration-cagliari,urban,188_Canal_restoration_in_Cagliari.html
Cape Town Environmental Education Trust,"Cape Town Environmental Education Trust (CTEET) is a non-profit environmental education organization that seeks to improve both the inclusiveness of urban nature reserves and the effectiveness of biodiversity conservation by connecting nearby disadvantaged and racialized communities with municipally-owned nature reserves. CTEET has 3 flagship projects: providing low-cost environmental education programs to children, offering training and development to Cape Town youth to access jobs in the Green Economy and supporting and driving conservation initiatives in Cape Town through its Nature Care Fund.",ongoing,Cape Town,South Africa,regional,"[""Parks and urban forests""]","[""Green space, habitats and biodiversity (SDG 15)"", ""Environmental quality"", ""Social justice, cohesion and equity (SDG 10)"", ""Health and well-being (SDG 3)"", ""Economic development and employment (SDG 8)""]","[""Creation of opportunities for recreation""]","[{""description"": ""Improved waste management"", ""type"": ""environmental""}, {""description"": ""Increased conservation or restoration of ecosystems"", ""type"": ""environmental""}, {""description"": ""Increased protection of threatened species"", ""type"": ""environmental""}, {""description"": ""Increase of green jobs (e.g. paid employment positions)"", ""type"": ""economic""}, {""description"": ""Social justice and cohesion"", ""type"": ""social""}]",Co-governance with government and non-government actors,https://una.city/nbs/cape-town/cape-town-environmental-education-trust,urban,189_Cape_Town_Environmental_Education_Trust.html
Caracol da Penha Garden,"The Jardim do Caracol da Penha project transformed a vacant urban area into a community garden and recreational space in Lisbon. Initially planned as a parking lot, the project was reimagined by local residents, led by Rita Vieira Cruz, and submitted to the Participatory Budget in 2016, garnering over 9,000 votes. The one-hectare garden connects the Arroios and Penha de França parishes and features leisure areas, an amphitheatre, playgrounds, and a community garden.",completed,"Lisboa, Lisboa (FUA)",Portugal,neighborhood,"[""Community gardens and allotments"", ""Parks and urban forests"", ""Pocket parks/neighbourhood green spaces""]","[""Green space, habitats and biodiversity"", ""Regeneration, land-use and urban development"", ""Health and well-being"", ""Social justice, cohesion and equity"", ""Sustainable consumption and production""]","[""Gain in activities for recreation and exercise""]","[{""description"": ""Increased green space area"", ""type"": ""environmental""}, {""description"": ""Improved social cohesion"", ""type"": ""social""}, {""description"": ""Achieved improved access to urban green space"", ""type"": ""social""}, {""description"": ""Increased opportunities for social interaction"", ""type"": ""social""}, {""description"": ""Achieved increased involvement of locals in the management of green spaces"", ""type"": ""social""}, {""description"": ""Achieved restoration of derelict areas"", ""type"": ""environmental""}]","Led by non-government actors, with significant community involvement.",https://una.city/nbs/lisboa-fua/caracol-da-penha-garden,urban,190_Caracol_da_Penha_Garden.html
Cardiff Bay Wetlands Reserve,"The reserve is a biodiversity hot-spot within Cardiff Bay. The reedbed and other aquatic plants, are very productive vegetation and a habitat for birds. Prior to the construction of the Cardiff Bay Barrage, it was made up of mudflats and salt marsh. The site was chosen by Cardiff Harbour Authority to create a new environment and compensate in part for the loss of the mudflats which were submerged after completion of the Cardiff Bay Barrage.",completed,Cardiff,United Kingdom,neighborhood,"[""blue infrastructure"", ""coastal wetland, mangroves and salt marshes""]","[""Water management (SDG 6)"", ""Improvements to water quality"", ""Green space, habitats and biodiversity (SDG 15)"", ""Habitat and biodiversity restoration"", ""Habitat and biodiversity conservation"", ""Green space creation and/or management"", ""Regeneration, land-use and urban development"", ""Promote natural styles of landscape design for urban development""]","[""Improved physical health"", ""Gain in activities for recreation and exercise"", ""Improvement in people’s connection to nature"", ""Increased appreciation for natural spaces"", ""Increased knowledge of locals about local nature"", ""Increased awareness of NBS and their benefits""]","[{""description"": ""Improved water quality"", ""type"": ""environmental""}, {""description"": ""Enhanced protection and restoration of coastal and marine ecosystems"", ""type"": ""environmental""}, {""description"": ""Increased conservation or restoration of ecosystems"", ""type"": ""environmental""}, {""description"": ""Reduced biodiversity loss"", ""type"": ""environmental""}, {""description"": ""Increased number of species present"", ""type"": ""environmental""}, {""description"": ""Increased protection of threatened species"", ""type"": ""environmental""}, {""description"": ""More sustainable tourism"", ""type"": ""economic""}, {""description"": ""Improved physical health"", ""type"": ""social""}, {""description"": ""Improvement in people’s connection to nature"", ""type"": ""social""}, {""description"": ""Increased support for education and scientific research"", ""type"": ""social""}]",The Harbour Authority developed and manages the Cardiff Bay Wetland Reserve. Maintenance activities are undertaken in partnership with Cardiff Council’s Park Ranger service.,https://una.city/nbs/cardiff/cardiff-bay-wetlands-reserve,urban,191_Cardiff_Bay_Wetlands_Reserve.html
Cardiff Castle Interpretation Centre - green roof,"The Interpretation Centre at the Cardiff Castle is displaying a green roof of wildflowers. As well as changing the look of the roof, the wildflower meadow has increased the biodiversity of the area. The nectar-rich species of wildflower turf attract bees, butterflies and other pollinators. The roof had a simple irrigation system built into the substrate where the maintenance would be minimal (ref 3).",completed,Cardiff,United Kingdom,site,"[""green roofs""]","[""Green space, habitats and biodiversity (SDG 15)"", ""Green space creation and/or management"", ""Regeneration, land-use and urban development"", ""Promote natural styles of landscape design for urban development""]",[],"[{""description"": ""Increased green space area"", ""type"": ""environmental""}, {""description"": ""Increased number of species present"", ""type"": ""environmental""}, {""description"": ""Enhanced support of pollination"", ""type"": ""environmental""}, {""description"": ""More sustainable tourism"", ""type"": ""economic""}, {""description"": ""Increased property prices"", ""type"": ""economic""}, {""description"": ""Generation of income from NBS"", ""type"": ""economic""}, {""description"": ""Improved access to urban green space"", ""type"": ""social""}, {""description"": ""Protection of historic and cultural landscape / infrastructure"", ""type"": ""social""}, {""description"": ""Increased sense of place identity, memory and belonging"", ""type"": ""social""}]",Local government/municipality,https://una.city/nbs/cardiff/cardiff-castle-interpretation-centre-green-roof,urban,192_Cardiff_Castle_Interpretation_Centre_-_green_roof.html
Carolinas Community garden,"Located in the neighborhood of Pla del Bon Repòs com, Carolines Altes, Carolines Baixes and Campoamor, the community orchard of Carolines is an initiative to transform an abandoned lot into a sustainable garden and a community orchard. The neighbors decided to clean the area by giving it a use with an orchard area, meeting area, gardening. It is also an action to combat the physical and psychological degradation of the neighborhood.",completed,Alicante,Spain,site,"[""Community gardens and allotments"", ""Community gardens"", ""Horticulture""]","[""Green space, habitats and biodiversity (SDG 15)"", ""Regeneration, land-use and urban development"", ""Inclusive and effective governance (SDG 16)"", ""Social justice, cohesion and equity (SDG 10)"", ""Health and well-being (SDG 3)"", ""Sustainable consumption and production (SDG 12)""]","[""Enabling opportunities for physical activity"", ""Improving mental health"", ""Improving physical health"", ""Creation of opportunities for recreation""]","[{""description"": ""Increased green space area"", ""type"": ""environmental""}, {""description"": ""Improved social cohesion"", ""type"": ""social""}, {""description"": ""Increased access to healthy/affordable food"", ""type"": ""social""}, {""description"": ""Improved mental health"", ""type"": ""unknown""}]","Led by non-government actors, mainly governed by the neighbors.",https://una.city/nbs/alicantealacant/carolinas-community-garden,urban,193_Carolinas_Community_garden.html
Catchment management approach to flash flood risks,"A number of studies were carried out since 1984 to determine a suitable flood prevention scheme for the White Cart Water and its tributary to provide protection up to the 1 in 200 years event. The resulting White Cart Water Flood Prevention Scheme, the largest flood protection scheme in Scotland, was published in November 2004 and approved by the Scottish Government in 2006. The project is currently ongoing.",ongoing,Glasgow,United Kingdom,neighborhood,"[""blue infrastructure"", ""sustainable urban drainage systems""]","[""flood protection"", ""water management""]",[],"[{""description"": ""Increased protection against flooding"", ""type"": ""environmental""}, {""description"": ""Increased green space area"", ""type"": ""environmental""}, {""description"": ""Increased perception of safety"", ""type"": ""social""}, {""description"": ""Increased awareness of NBS and their benefits"", ""type"": ""social""}]",Government-led,https://una.city/nbs/glasgow/catchment-management-approach-flash-flood-risks,urban,194_Catchment_management_approach_to_flash_flood_risks.html
Celebra Vertical Garden,"The construction of ""the biggest vertical garden in Uruguay"" was completed in 2014. The vertical garden has an area of 300m2 and contains over 6,000 plants, of which most are endemic, comprising 35 species and 10 different families. In addition to being aesthetically pleasing, the garden is intended to reduce temperature, produce oxygen and offset greenhouse gas emissions.",completed,Departamento de Montevideo,Uruguay,site,"[""green walls or facades""]","[""Climate change adaptation"", ""Air quality improvement"", ""Habitat and biodiversity conservation"", ""Green space creation and/or management""]","[""improved air quality""]","[{""description"": ""Lowered local temperature"", ""type"": ""environmental""}, {""description"": ""Enhanced carbon sequestration"", ""type"": ""environmental""}, {""description"": ""Improved air quality"", ""type"": ""environmental""}, {""description"": ""Increased green space area"", ""type"": ""environmental""}, {""description"": ""Increased number of species present"", ""type"": ""environmental""}, {""description"": ""Improved access to urban green space"", ""type"": ""social""}]",Led by non-government actors,https://una.city/nbs/montevideo/celebra-vertical-garden,urban,195_Celebra_Vertical_Garden.html
Central Park of Antwerp,"A project for the creation of a new central park was launched in 2018, where a harbor consisting of three docks used to be and is now used as primarily as a car park. The park was planned to consist of three large green spaces that are the exact same size as the original docks. The park is set to contribute to Antwerp’s climate change resiliency as the central green area will contain a water basin in which stormwater can be stored temporarily and slowly infiltrate, which is enhanced by the riverbank vegetation.",ongoing,Antwerpen,Belgium,neighborhood,"[""Grey infrastructure featuring greens"", ""Blue infrastructure"", ""Riverbank/Lakeside greens"", ""Parks and urban forests"", ""Large urban parks or forests"", ""Lakes/ponds"", ""Green areas for water management"", ""Sustainable urban drainage systems""]","[""Climate action for adaptation, resilience and mitigation (SDG 13)"", ""Water management (SDG 6)"", ""Green space, habitats and biodiversity (SDG 15)"", ""Regeneration, land-use and urban development"", ""Inclusive and effective governance (SDG 16)"", ""Social justice, cohesion and equity (SDG 10)"", ""Health and well-being (SDG 3)""]","[""Enabling opportunities for physical activity"", ""Creation of opportunities for recreation""]","[{""description"": ""Strengthened capacity to address climate hazards/natural disasters"", ""type"": ""environmental""}, {""description"": ""Improved stormwater management"", ""type"": ""environmental""}, {""description"": ""Increased green space area"", ""type"": ""environmental""}, {""description"": ""Improved liveability"", ""type"": ""social""}, {""description"": ""Improved access to urban green space"", ""type"": ""social""}, {""description"": ""Increased involvement of locals in the management of green spaces"", ""type"": ""social""}, {""description"": ""Gain in activities for recreation and exercise"", ""type"": ""social""}, {""description"": ""Protection of historic and cultural landscape / infrastructure"", ""type"": ""social""}]",Local government/municipality,https://una.city/nbs/antwerpen/central-park-antwerp,urban,196_Central_Park_of_Antwerp.html
Cerro de la Popa recovery Project,"Reforestation project for the 'Cerro de la Popa', which is Cartagena's highest point and one of the main tourist attractions because of the view and its colonial convent. The intervention in La Popa consists of reforestation activities, environmental education activities with children, and awareness-raising activities with adults about caring for fauna, flora, and water bodies. The project remains active, with the most recent intervention conducted on July 11, 2024.",ongoing,"Cartagena, Cartagena (FUA)",Colombia,neighborhood,"[""Parks and urban forests"", ""Large urban parks or forests""]","[""Climate action for adaptation, resilience and mitigation (SDG 13)"", ""Environmental quality"", ""Green space, habitats and biodiversity (SDG 15)"", ""Regeneration, land-use and urban development"", ""Cultural heritage and cultural diversity"", ""Health and well-being (SDG 3)"", ""Inclusive and effective governance (SDG 16)"", ""Social justice, cohesion and equity (SDG 10)""]","[""Creation of opportunities for recreation""]","[{""description"": ""Improved waste management"", ""type"": ""environmental""}, {""description"": ""Increased green space area"", ""type"": ""environmental""}, {""description"": ""Increased knowledge of locals about local nature"", ""type"": ""social""}, {""description"": ""Achieved increase of green jobs (e.g. paid employment positions)"", ""type"": ""economic""}]",Government-led,https://una.city/nbs/cartagena-fua/cerro-de-la-popa-recovery-project,urban,197_Cerro_de_la_Popa_recovery_Project.html
Chandler Park Marshland,"Chandler Park, a historic park in Detroit constructed in the 1800s, underwent multiple expansions from 1922 to 1950 to include amenities such as a pool (later converted into a water park), a golf course, and public green spaces. In 2013, an expert panel recommended constructing a 2.5-million-gallon marshland within the park to provide a unique recreational and educational feature and incorporate green infrastructure principles for improved stormwater management. Completed in December 2019, the Chandler Park marshland was a collaborative project between The Greening of Detroit and the Chandler Park Conservancy, designed to enhance Green Stormwater Infrastructure (GSI) across 200 acres.",completed,Detroit,United States,site,"[""Blue infrastructure"", ""Lakes/ponds"", ""In-land wetlands, peatlands, swamps, and moors"", ""Green areas for water management"", ""Rain gardens"", ""Swales and filter strips"", ""Parks and urban forests"", ""Large urban parks or forests""]","[""Urban flooding (stormwater)"", ""Flood protection"", ""Stormwater and rainfall management and storage"", ""Improvements to water quality"", ""Creation of opportunities for recreation"", ""Enabling opportunities for physical activity""]","[""Improved water quality"", ""Creation of opportunities for recreation"", ""Enabling opportunities for physical activity""]","[{""description"": ""Improved water quality"", ""type"": ""environmental""}, {""description"": ""Increased protection against flooding"", ""type"": ""environmental""}, {""description"": ""Increased opportunities for social interaction"", ""type"": ""social""}, {""description"": ""Increased support for education and scientific research"", ""type"": ""social""}]",Led by non-government actors,https://una.city/nbs/detroit-fua/chandler-park-marshland,urban,198_Chandler_Park_Marshland.html
Chaowan Nursery Garden Base Project,"The Chaowan Nursery Garden Base Project (潮玩苗圃基地), located along the Dianchi Greenway in Kunming, was established by the Kunming Gardens Virescence Bureau (昆明市园林绿化局) in 2022 as part of the city's efforts to transform into a 'city of parks'. Covering 639 mu (42.6 hectares), the Chaowan Nursery Garden has introduced over 1.4 million plants, including trees, flowers, and grasses, greatly expanding the city's green spaces. It serves as a key resource for the Kunming Greening Service Center, providing seedlings for major greening projects along various roads.",completed,Kunming,China,neighborhood,"[""Green areas for water management"", ""Rain gardens"", ""Parks and urban forests"", ""Large urban parks or forests""]","[""Climate action for adaptation, resilience and mitigation (SDG 13)"", ""Climate change adaptation"", ""Green space, habitats and biodiversity (SDG 15)"", ""Green space creation and/or management"", ""Habitat and biodiversity conservation"", ""Regeneration, land-use and urban development"", ""Water management (SDG 6)"", ""Stormwater and rainfall management and storage"", ""Health and well-being (SDG 3)"", ""Creation of opportunities for recreation"", ""Social justice, cohesion and equity (SDG 10)"", ""Social interaction"", ""Environmental education""]","[""Gain in activities for recreation and exercise"", ""Improved mental health""]","[{""description"": ""Achieved improved air quality"", ""type"": ""environmental""}, {""description"": ""Achieved improved stormwater management"", ""type"": ""environmental""}, {""description"": ""Achieved increased green space area"", ""type"": ""environmental""}, {""description"": ""Achieved increased number of species present"", ""type"": ""environmental""}, {""description"": ""Expected more sustainable tourism"", ""type"": ""economic""}, {""description"": ""Achieved reduce financial cost for urban management"", ""type"": ""economic""}, {""description"": ""Achieved improved access to urban green space"", ""type"": ""social""}, {""description"": ""Achieved increased opportunities for social interaction"", ""type"": ""social""}, {""description"": ""Achieved increased support for education and scientific research"", ""type"": ""social""}, {""description"": ""Achieved increased knowledge of locals about local nature"", ""type"": ""social""}]",Co-governance with government and non-government actors,https://una.city/nbs/kunming-fua/chaowan-nursery-garden-base-project,urban,199_Chaowan_Nursery_Garden_Base_Project.html
Chapelgarth Housing Development,"A major housing development is proposed at Chapelgarth’s 112-acre site as part of a 20-year regeneration programme in Sunderland. The landscape strategy aims to enhance the natural green space and provide parks and green spaces for current and new residents. There will be a green buffer between Weymouth road and the new development which will include drainage ponds for water management. At the heart will be Central Park, defined by the mature trees and hedge grows, which are already in place.",planned,Sunderland,United Kingdom,neighborhood,"[""Parks and urban forests"", ""Sustainable urban drainage systems"", ""Community gardens and allotments"", ""Green areas for water management""]","[""Water management"", ""Flood protection"", ""Green space, habitats and biodiversity"", ""Health and well-being"", ""Economic development and employment""]","[""Improved physical health"", ""Gain in activities for recreation and exercise""]","[{""description"": ""Improved air quality"", ""type"": ""environmental""}, {""description"": ""Reduced noise exposure"", ""type"": ""environmental""}, {""description"": ""Increased protection against flooding"", ""type"": ""environmental""}, {""description"": ""Improved stormwater management"", ""type"": ""environmental""}, {""description"": ""Improved liveability"", ""type"": ""social""}, {""description"": ""Improved access to urban green space"", ""type"": ""social""}]",Co-governance with government and non-government actors,https://una.city/nbs/sunderland/chapelgarth-housing-development,urban,200_Chapelgarth_Housing_Development.html
